Workbook
Name _: #REF!
Name _: #REF!
Name _: #REF!
Name _: #REF!
Name _: #REF!
Name _: #REF!
Name _: #REF!
Name _: #REF!
Name _: #REF!
Name _: #REF!
Name _: #REF!
Name _: #REF!
Name _: #REF!
Name _?: #N/A
Name _?쨲?f: #REF!
Name _?쨲?f: #REF!
Name _?쨲?f: #REF!
Name _?쨲?f: #REF!
Name _?쨲?f: #REF!
Name _?쨲?f: #REF!
Name _?쨲?f: #REF!
Name _?쨲?f: #REF!
Name _?쨲?f: #REF!
Name _?쨲?f: #REF!
Name _?쨲?f: #REF!
Name _?쨲?f: #REF!
Name _?쨲?f: #REF!
Name __?: #REF!
Name __?: #REF!
Name __?: #REF!
Name __?: #REF!
Name __?: #REF!
Name __?: #REF!
Name __?: #REF!
Name __?: #REF!
Name __?: #REF!
Name __?: #REF!
Name __?: #REF!
Name __?: #REF!
Name __?: #REF!
Name __?쨲?f: #REF!
Name __?쨲?f: #REF!
Name __?쨲?f: #REF!
Name __?쨲?f: #REF!
Name __?쨲?f: #REF!
Name __?쨲?f: #REF!
Name __?쨲?f: #REF!
Name __?쨲?f: #REF!
Name __?쨲?f: #REF!
Name __?쨲?f: #REF!
Name __?쨲?f: #REF!
Name __?쨲?f: #REF!
Name __?쨲?f: #REF!
Name ___?: #REF!
Name ___?: #REF!
Name ___?: #REF!
Name ___?: #REF!
Name ___?: #REF!
Name ___?: #REF!
Name ___?: #REF!

Sheet 개정이력
B1: 통합 WPC 체크시트 수정 내역
B3: Ver. | C3: 날짜 | D3: 작성자 | E3: 수정부분 | F3: 수정내용 | G3: 비 고
B4: 1.0 | C4: 17.12.01 | D4: 장문혁 | E4: - All | F4: - 최초 WPC 체크시트 작성
B5: 1.1 | C5: 18.07.09 | D5: 장문혁 | E5: - 무선충전 시스템 통합 사양서_R14_20180709_수정2 반영 (DN8 WPC M/car 대응용 사양서) | F5: 1. WPC & NFC Mode Control 1) C_IAU Option 신호 처리에 대한 항목 추가 (M/car 미반영) 2) NFC Mode에 대한 Time Out 확인 항목 추가 3) C_WPCNFCcmd 신호 값 변경 ( 0x0 : None, 0x1 : Searching On(HCE), 0x2 : Searching Off, 0x3 : Searching On(USIM)) 4) 기능 항목 수 61개 -> 174개로 변경 2. Prevention of SMK LF 1) WPCStatus != WPCMode에 대한 SMK 간섭 해제 항목 추가 2) 기능 항목 수 60개 -> 78개로 변경 3. WPC Leaving Phone 1) 기능 항목수 143개 -> 129개로 변경 (중복항목 삭제) 4. USM Setting 1) C_ProfileIDRValue 신호 수신에 따른 항목 추가 2) 기능 항목수 21개 -> 64개로 변경 5. FAN Control 항목 작성 1) 기능 항목수 12개
B6: 1.2 | C6: 18.08.21 | D6: 장문혁 | E6: - 무선충전 시스템 통합 사양서_R14_20180820_수정4반영 (DN8 WPC P1 대응용 사양서) | F6: 1. IGN 판단 전압값 변경 1) IGN On/Off : 7.8v/7.1v -> 7v/4v 2. C_IAUOption 신호 미처리 3. FAN 작동 사양 변경 1)WPC Mode & IGN1 On -> 충전 or 완충상태
B7: 1.3 | C7: 18.10.16 | D7: 장문혁 | E7: - WPC_System_Requirement_v0.8_181004.docx 반영 (DN8 WPC P2 대응용 사양서) - SCR 반영 (1) SCR-180719-003_WPC_WPC 모드 제어사양 오류 수정 _1_180720 (2) SCR-180719-004_WPC_FAN 제어로직 수정_충전중에만 FAN 동작_1_20180720 (3) SCR-180719-007_WPC_WPC&NFC 모드 변경 정합성 결과 반 영_1_20180723 (4) SCR-180719-008_WPC_카드 detection 기능 수정 _1_20180724 (5) SCR-180719-009_WPC_과전류 감지 사양 수정_1_20180724 (6) SCR-180622-003_AVN에 의한 프로필 정보 판단 로직 추가 | F7: 1. SCR-180719-003_WPC_WPC 모드 제어사양 오류 수정_1_180720 1) Function_WPCWarning 내 b_WPCSWOption 조건 추가 USM 설정에서 WPC Mode 해제 시, 방치 알림 기능은 동작되면 안되므로 b_WPCSWOption == Off 조건 추가 2) C_IGNSW 조건 수정 C_IGNSW == St 조건은 LP(5W) 사양일 때만 고려, MP(10W), MP+NFC 사양 경우 고려하지 않음 3) 불필요 신호 삭제: b_DeviceFault 2. SCR-180719-004_WPC_FAN 제어로직 수정_충전중에만 FAN 동작_1_20180720 1) FAN_Off 에서 FAN_On 으로 천이 조건 WPCStatus = WPCMode -> WPCStatus== WPCMode && b_WPCPhoneExist ==On 2) FAN_On 에서 FAN_Off 으로 천이 조건 WPCStatus != WPCMode -> WPCStatus != WPCMode || b_WPCPhoneExist == Off 3. SCR-180719-007_WPC_WPC&NFC 모드 변경 정합성 결과 반영_1_20180723 1) Function_NFCCardDetection 삭제 (WPC Mode Status Control 내 수행) 4. SCR-180719-008_WPC_카드 detection 기능 수정_1_20180724 1) Function_NFCCardDetection 동작 기존 WPC&NFC Mode Control Function 내 기능 ->WPC Mode Status Control 내 기능으로 변경 WPC Mode 진입 시, Pad 위 물체를 감지하여 충전 가능 여부 판단 핸드폰 또는 카드가 여러 개일 경우, 충전 불가 5. SCR-180719-009_WPC_과전류 감지 사양 수정_1_20180724 1) b_CurrentErrorFlag 삭제 기존 로직에서 과전류 검출 시, b_CurrentErrorFlag = On 으로 WPCMode_Run 상태에 머물고 있어 Ping이 계속됨. -> 과전류 검출마다 WPCMode_Stop 으로 천이해야 하므로, 과전류 검출 시 b_CurrentFault = On 되도록 로직 수정 과전류 10회 검출 -> 충전 금지 -> ACC 또는 IGN1이 Off에서 On으로 변경되어야 충전 금지 해제 6. SCR-180622-003_AVN에 의한 프로필 정보 판단 로직 추가 1) IAU 적용/미적용에 따른 USM 개인화 서비스 ID 변경 방식 변경 2) IAU 적용 사양 - IAU로부터 C_ProfileIDRValue 수신하여 ID 설정 대응 - 단, IAU 송신 시그널 C_ProfileIDRValue이 0x01/0x02/0x03이 아닐 경우 AVN송신 C_AVN_ProfileIDRValue값에 따라 ID 설정 3) IAU 미적용 사양 - IAU 미적용에 따라 ICU는 IAU로부터 IDRValue는 CAN Timeout 상태가 되며, AVN USM에 의한 ID 변경만 가능하므로, AVN송신 C_AVN_ProfileIDRValue값에 따라 ID 설정 4) IAU,AVN 모두 타임아웃 또는 0x01/0x02/0x03이 아닐 경우 LAST PROFILE 기준 설정값 (OLD VALUE)으로 동작 5) IAU와 AVN에서 모두 시그널이 수신될 경우 IAU 우선하여 PROFILE 설정
B9: 1.4 | C9: 18.11.12 | D9: 장문혁 | E9: - WPC_System_Requirement_v1.1_181018 반영 | F9: 1. b_IGNUseOption, b_BatteryPowerOption 반영 2. 최초 전원 인가 시 AMBER LED 3초간 점등 | G9: PY차종 전용사양 추가
B10: 1.5 | C10: 18.12.03 | D10: 장문혁 | E10: - WPC_System_Requirement_v1.3_181213 반영 | F10: 1. FAN 동작 사양 변경 기존타입 : 30% DUTY -> 50%,70% 변경시 차속만 참조 변경타입 : 30% DUTY -> 50%,70% 변경시 차속 & 온도 & 엔진 상태 참조
B11: 1.6 | C11: 19.01.21 | D11: 장문혁 | E11: - WPC_System_Requirement_v1.7_190104 반영 | F11: 1. FAN 사양 변경 1) FAN Control Function Parameter (Par_FANValueLow) 값 변경: 30% -> 20% 2) FAN_On 내부 State에서 다른 State 천이 시의 온도 조건 삭제 2. SCR-181212-015_WPC_실내 조명 사양 변경에 따른 무선충전 인디케이터 LED 제어 사양 변경 요청 1) C_DetentOut 삭제 -> IBU에서 송출하는 C_IntTailOn 신호 참조하여 인디케이터 주/야간 판단 2) 주간: IntTailOn : Rheostat 적용 차종은 설정 밝기로 출력, 미적용 차종은 25%밝기로 출력 야간: IntTtailOff : 최대 밝기로 출력
B12: 1.7 | C12: 19.01.29 | D12: 장문혁 | E12: - WPC_System_Requirement_v2.0_R2_190129 반영 | F12: 1. SCR-181212-012_WPC_C_WPC_Status 신호 삭제_1_20181218 1) 출력 신호 C_WPC_Status: IAU 에서 해당 신호 미사용 -> 불필요에 따른 삭제 2. SCR-181212-002_WPC_10W 과전류 판단값 변경_1_20181218 1) 10W의 경우도 5W와 동일하게 4500mA으로 변경 (QI 인증에 사용되는 15W 부하로 인증 진행 시 4A 이상이 되어 충전 끊김 발생 (QI 인증 불가)) 3. SCR-181212-016_WPC_FAN 제어 판단 조건 추가_분석자료_20190104 1) FANOn_Medium -> FANOn_High 천이 시, C_EngineState 조건 삭제 2) duty 50% 또는 duty 70% 로 동작 중, 엔진 상태가 Stalled, Auto Stopping, Fault인 경우에도 FAN 속도 유지
B13: 1.8 | C13: 19.05.16 | D13: 장문혁 | E13: - WPC_System_Requirement_v2.6_R1_190516 반영 | F13: 1. YG PE 전용 LED Out 로직으로 인한 State chart 변경 1) 내용 : YG PE는 주야간을 구분하는 BCM의 C_IntTailOn과 CLU의 C_DetentOut을 OR 조건으로 주야간을 구분함. 2) 근거: 고객 요청(이재혁연구원) 3) 변경내용: Option 파라메터 추가, C_IntTailOn과 C_DetentOut 조건 추가
B14: 1.9 | C14: 19.05.29 | D14: 장문혁 | E14: - WPC_System_Requirement_v2.7_R1_190527 반영 | F14: 1. 휠리모콘을 이용한 USM setting 기능 CAN 신호 추가. 1) WPC 수신 신호 비교: CLU_05_00ms, CLU_09_00ms 메시지/ 신호추가 2) WPC USM Setting Control Function State Chart 내의 휠리모콘 신호 조건 추가 (USM_StaRst1Req, USM_WpcSetReq) 2. 조명제어에 대한 CAN 신호 변경 1) 내용: 3세대 CAN은 IntTailOn에서 DetentOut 조건으로 변경. 2) 근거: 자동차 담당자 요청 | G14: 3세대 CAN 적용 차종 : RG3, JX1, MQ4
B15: 2.0 | C15: 19.07.09 | D15: 장문혁 | E15: - WPC_System_Requirement_v2.9_190703.docx 반영 | F15: 1. 개인화 프로필 USM State Chart 내용 추가 1) 각 Profile 설정값에 즉시 천이를 위해 각 State Chart 에 Profile 조건 명시 -> B+ 리셋 시 Guest로 진입후 각 프로필 진입에서 즉시 각 프로필로 진입하도록 수정됨 2. Over Temperature Detecting Function State Chart 수정 1) 과열 상태에서 정상 상태 체크로 천이 시, 온도 입력 값이 65도 이하로 수정 (정상 체크 ->과열 재진입, 65도 초과로 수정)
B16: 2.1 | C16: 19.09.27 | D16: 장문혁 | E16: - WPC_System_Requirement_v3.2_190925.docx 반영 | F16: 1. CAN 3세대 하이브리드 엔진 상태 신호에 대한 FAN Control State Chart 추가 - 신호 : HEV_EngOpSta - Engine Running 판단 값: 0x2, 0x3, 0x4, 0x5 (0x2: IS(Idle speed), 0x3: PL(Part Load), 0x4: PU(Pull), 0x5: PUC(Fuel Cut Off))
B17: 2.2 | C17: 20.03.02 | D17: 장문혁 | E17: - JX1 WPC 필드 문제점_NFC 출력 불량 반영 | F17: 1. NFC Init 로직 수정 - Wakeup 시 00h, 01h, 02h 레지스터 Defalut Value Write
B18: 2.3 | C18: 21.10.18 | D18: 장문혁 | E18: - MQ4a 무선 충전기 작동 불량 개선 위한 DUTY 값 변경 반영 | F18: 1. FAN Duty 추가 - 20/50/70/90 (0~10KPH, 엔진 정지 / 11~55KPH / 56~100KPH / 100KPH이상~) | G18: 기아사업부장님 지시사항_MQ4 차종
B19: 2.4 | C19: 22.03.05 | D19: 장문혁 | E19: - SCR-211126-004_[WPC] 무선충전기 고온 에러 표시 사양 변경 _r1_211216.pptx" 적용 | F19: 1. 무선충전기 고온 에러 표시 사양 변경 - [기존] WPC MODE시 휴대폰 거치 유/무에 상관 없이 과열 감지 및 경고 출력 → [신규 추가] 휴대폰 거치 시 에만 과열 감지 및 경고 출력 하도록 로직 변경
B20: 2.5 | C20: 22.10.19 | D20: 김장현 | E20: - SCR-210706-003_[WPC] 신규 실내 조명 제어 사양 추가 건_r1_210818 | F20: 1. 조명 제어 시(주야간 판단), 참조 CAN 신호 변경 [기존] Detent 와 레오스탯 적용 유무에 따라 DetentOut / RheostatLevel / IntTailOn 신호를 조합 판단 → [신규 추가] Detent 와 레오스탯 유무 무관, AutoBright 신호로만 판단
B21: 2.6 | C21: 22.10.19 | D21: 김장현 | E21: 타차종문제점 적용 | F21: 시동파형 B+ 전압 4V 이하 하강 반복 후 정상전압 복귀 시 유효한 HPV CAN Msg 값 송신하지 않고 초기값 0x0 값 유지되어 DTC 출력됨.
B22: 2.7 | C22: 22.11.10 | D22: 김장현 | E22: TSCR-285_[WPC] LPCD 사양 수정 (디지털키 등록 조건 추가 외)_r5_220922 | F22: 2) 디지털키 등록시 IG ON 상태에서 LPCD 미동작하도록 사양 변경 - IG ON 시 디지털키 등록을 위해 LPCD 동작함 디지털키 등록 완료 상태일 경우 LPCD 기능 불필요하여, 바로 무선충전 진입하도록 사양 변경
B23: 2.8 | C23: 24.11.01 | D23: 김장현 | E23: Non NFC 방치알림 중 도어오픈시 방치알림 중단
B24: 2.9 | C24: 24.11.04 | D24: 김장현 | E24: USM Setting Profile 9개 추가
B25: 3.0 | C25: 25.01.09 | D25: 김장현 | E25: Non NFC 방치알림 중 Drv/Ast 오픈시 방치알림 6초 후 중단 | F25: Cellphone on the pad신호를 60초 출력 중 Door(Driver || Passenger) Open 발생 시, 0x1: Cellphone on the pad 6s동안 추가로 출력 후 OFF를 송신해야 한다. | G25: 실차 클러스트 방치알림 표출 안됨으로 모베이스 자체 수정
B26: 3.1 | C26: 25.01.20 | D26: 김장현 | E26: USM_ValCmdStatforAST 신호 및 기능 추가 | F26: ATS 제어기에서 RWPC Option 설정 신호 추가
B27: 3.2 | C27: 25.02.18 | D27: 김장현 | E27: DIAGNOSTIC T/C 통합 과거차 문제점 반영
B28: 3.3 | C28: 25.07.04 | D28: 김장현 | E28: T/C 추적성 연결
B29: 3.4 | C29: 25.08.01 | D29: 김장현 | E29: JG 전원체계 (방치알림 반영) 23차 사양 반영

Sheet 평가항목
B1: ■ Check Items / Results
B3: No | C3: Function | D3: 항목수 | E3: TEST | J3: REMARK
E4: 검사항목 | F4: OK 항목 | G4: NG 항목 | H4: N/A | I4: 완료율(%)
B5: 1 | C5: SLEEP & WAKE UP | D5: =F5+G5+H5 -> 70 | E5: =F5+G5 -> 69 | F5: =SUM('Sleep & Wake Up'!$AD$9) -> 69 | G5: =SUM('Sleep & Wake Up'!$AD$10) -> 0 | H5: =SUM('Sleep & Wake Up'!$AD$11) -> 1 | I5: =F5/E5% -> 100 | J5: - RWPC 사양 N/A처리 | L5: - NFC WPC 사양 N/A 처리
B6: 2 | C6: Power Off Control | D6: =F6+G6+H6 -> 25 | E6: =F6+G6 -> 25 | F6: =SUM('Power Off Control'!$AC$6) -> 25 | G6: =SUM('Power Off Control'!$AC$11) -> 0 | H6: =SUM('Power Off Control'!$AC$16) -> 0 | I6: =F6/E6% -> 100
B7: 3 | C7: WPC & NFC Mode | D7: =F7+G7+H7 -> 288 | E7: =F7+G7 -> 232 | F7: =SUM('WPC & NFC Mode Control'!$AL$7) -> 232 | G7: =SUM('WPC & NFC Mode Control'!$AL$8) -> 0 | H7: =SUM('WPC & NFC Mode Control'!$AL$9) -> 56 | I7: =F7/E7% -> 100 | J7: - Non NFC 적용 사양 N/A 처리 - PY F/L 전용 사양 N/A 처리 | L7: - PY F/L 전용 사양 N/A 처리
B8: 4 | C8: WPC Power | D8: =F8+G8+H8 -> 46 | E8: =F8+G8 -> 46 | F8: =SUM('Over Voltage & Under Voltage'!$AB$9) -> 46 | G8: =SUM('Over Voltage & Under Voltage'!$AB$10) -> 0 | H8: =SUM('Over Voltage & Under Voltage'!$AB$11) -> 0 | I8: =F8/E8% -> 100
B9: 5 | C9: Prevention of SMK LF | D9: =F9+G9+H9 -> 122 | E9: =F9+G9 -> 122 | F9: =SUM('Prevention of SMK LF'!$AF$10) -> 122 | G9: =SUM('Prevention of SMK LF'!$AF$11) -> 0 | H9: =SUM('Prevention of SMK LF'!$AF$12) -> 0 | I9: =F9/E9% -> 100
B10: 6 | C10: Over Current Detecting | D10: =F10+G10+H10 -> 7 | E10: =F10+G10 -> 7 | F10: =SUM('Over Current Detecting'!$AB$8) -> 7 | G10: =SUM('Over Current Detecting'!$AB$9) -> 0 | H10: =SUM('Over Current Detecting'!$AB$9) -> 0 | I10: =F10/E10% -> 100
B11: 7 | C11: Over Voltage & Under Voltage | D11: =F11+G11+H11 -> 46 | E11: =F11+G11 -> 46 | F11: =SUM('Over Voltage & Under Voltage'!$AB$9) -> 46 | G11: =SUM('Over Voltage & Under Voltage'!$AB$10) -> 0 | H11: =SUM('Over Voltage & Under Voltage'!$AB$11) -> 0 | I11: =F11/E11% -> 100
B12: 8 | C12: WPC Leaving Phone | D12: =F12+G12+H12 -> 156 | E12: =F12+G12 -> 32 | F12: =SUM('WPC Leaving Phone'!$AL$8) -> 32 | G12: =SUM('WPC Leaving Phone'!$AL$9) -> 0 | H12: =SUM('WPC Leaving Phone'!$AL$10) -> 124 | I12: =F12/E12% -> 100 | J12: - Drv/AST 오픈시 1분 유지 상양 N/A처리
B13: 9 | C13: Temperature Sensor Error | D13: =F13+G13+H13 -> 30 | E13: =F13+G13 -> 8 | F13: =SUM('Temperature Sensor Error'!$AB$9) -> 8 | G13: =SUM('Temperature Sensor Error'!$AB$10) -> 0 | H13: =SUM('Temperature Sensor Error'!$AB$11) -> 22 | I13: =F13/E13% -> 100 | J13: - 3Coil 사양 N/A처리
B14: 10 | C14: LED Output | D14: =F14+G14+H14 -> 114 | E14: =F14+G14 -> 18 | F14: =SUM('LED Output Control'!$AC$6) -> 18 | G14: =SUM('LED Output Control'!$AC$7) -> 0 | H14: =SUM('LED Output Control'!$AC$8) -> 96 | I14: =F14/E14% -> 100 | J14: - Rhoestat 적용 사양, Detent Out 적용사양, PY차종 및 YGPE 차종 사양 N/A 처리 | L14: - Rhoestat 적용 사양, Detent Out 적용사양, PY차종 및 YGPE 차종 사양 N/A 처리
B15: 11 | C15: USM Setting | D15: =F15+G15+H15 -> 683 | E15: =F15+G15 -> 671 | F15: =SUM('USM Setting'!$AG$9) -> 671 | G15: =SUM('USM Setting'!$AG$10) -> 0 | H15: =SUM('USM Setting'!$AG$11) -> 12 | I15: =F15/E15% -> 100 | J15: - IAU 미적용 사양 N/A 처리 | L15: - IAU 적용 사양 N/A 처리
B16: 12 | C16: Over Temperature Detecting | D16: =F16+G16+H16 -> 45 | E16: =F16+G16 -> 13 | F16: =SUM('Over Temperature Detecting'!$AB$10) -> 13 | G16: =SUM('Over Temperature Detecting'!$AB$11) -> 0 | H16: =SUM('Over Temperature Detecting'!$AB$12) -> 32 | I16: =F16/E16% -> 100 | J16: - 3Coil 사양 N/A처리 | L16: - NFC WPC 사양 N/A 처리
B17: 13 | C17: Phone Left Detecting Control | D17: =F17+G17+H17 -> 11 | E17: =F17+G17 -> 11 | F17: =SUM('Phone Left Detecting Control'!$AB$8) -> 11 | G17: =SUM('Phone Left Detecting Control'!$AB$9) -> 0 | H17: =SUM('Phone Left Detecting Control'!$AB$10) -> 0 | I17: 0 | J17: - 기능 미구현으로 N/A 처리
B18: 14 | C18: FOD | D18: =F18+G18+H18 -> 9 | E18: =F18+G18 -> 7 | F18: =SUM('FOD Control'!$AB$7) -> 7 | G18: =SUM('FOD Control'!$AB$8) -> 0 | H18: =SUM('FOD Control'!$AB$9) -> 2 | I18: =F18/E18% -> 100 | J18: -Ainmation 사양 N/A처리
B19: 15 | C19: FAN | D19: =F19+G19+H19 -> 265 | E19: =F19+G19 -> 28 | F19: =SUM('FAN Control'!$AD$8) -> 28 | G19: =SUM('FAN Control'!$AD$9) -> 0 | H19: =SUM('FAN Control'!$AD$10) -> 237 | I19: =F19/E19% -> 100 | J19: - FAN Duty 4단계, CAN3세대 HEV차종, PY 차종 사양 N/A 처리 | L19: - NFC WPC 사양 N/A 처리
B20: 16 | C20: DIAGNOSTIC | D20: =F20+G20+H20 -> 288 | E20: 233 | F20: 233 | G20: 8 | H20: 47 | I20: =F20/E20% -> 100 | J20: - 미적용 N/A처리
B21: 17 | C21: 과거차문제점/타차종 강건화 | D21: =F21+G21+H21 -> 64 | E21: =F21+G21 -> 64 | F21: ='과거차,타차종'!AB6 -> 64 | G21: 0 | H21: 0 | I21: =F21/E21% -> 100
B22: TOTAL | D22: =SUM(D5:D21) -> 2269 | E22: =SUM(E5:E21) -> 1632 | F22: =SUM(F5:F21) -> 1632 | G22: =SUM(G5:G20) -> 8 | H22: =SUM(H5:H21) -> 629 | I22: =F22/E22% -> 100
C25: Phone Left Detecting Control

Sheet Sleep & Wake Up
B1: 1. Sleep & Wake Up
B2: WPC(SW)-동작성능-12
B3: 1) 일반 사용자 조건
B7: No. | C7: 초기 조건 | E7: 평가 내용 | T7: Sleep 여부 | V7: 암전류 측정값 [mA] | X7: 개발목표치 | Y7: 결과 | Z7: 비고 | AD7: 항목 수
A8: WPC-기능-001~002 | B8: WPC(SW)-동작성능-12-1 | C8: 휴대폰 미거치 | E8: All Door Close 상태에서 Sleep 진입 후 암전류 측정 | T8: OK | X8: 1mA↓ | Y8: OK | AC8: 총 | AD8: =SUM(AD9:AD11) -> 70
A9: WPC-기능-001~002 | B9: WPC(SW)-동작성능-12-2 | C9: 휴대폰 미거치 | E9: Drv Door Open 상태에서 Sleep 진입 후 암전류 측정 | T9: OK | Y9: OK | AC9: OK | AD9: =COUNTIF(Y:Y,"OK") -> 69
A10: WPC-기능-001~002 | B10: WPC(SW)-동작성능-12-3 | C10: 휴대폰 미거치 | E10: Ast Door Open 상태에서 Sleep 진입 후 암전류 측정 | T10: OK | Y10: OK | AC10: NG | AD10: =COUNTIF(Y:Y,"NG") -> 0
A11: WPC-기능-001~002 | B11: WPC(SW)-동작성능-12-4 | C11: 휴대폰 미거치 | E11: RL Door Open 상태에서 Sleep 진입 후 암전류 측정 | T11: OK | Y11: OK | AC11: N/A | AD11: =COUNTIF(Y:Y,"N/A") -> 1
A12: WPC-기능-001~002 | B12: WPC(SW)-동작성능-12-5 | C12: 휴대폰 미거치 | E12: RR Door Open 상태에서 Sleep 진입 후 암전류 측정 | T12: OK | Y12: OK
A13: WPC-기능-001~002 | B13: WPC(SW)-동작성능-12-6 | C13: 휴대폰 미거치 | E13: C_WPCNFCcmd = 0x02 (NFC Searching Off) 수신하고 Sleep 진입 후 암전류 측정 | T13: OK | Y13: OK | Z13: NFC 적용사양
A14: WPC-기능-001~002 | B14: WPC(SW)-동작성능-12-7 | C14: 휴대폰 거치 | E14: All Door Close 상태에서 방치알림 종료 및 Sleep 진입 후 암전류 측정 | T14: OK | Y14: OK
A15: WPC-기능-001~002 | B15: WPC(SW)-동작성능-12-8 | C15: 휴대폰 거치 | E15: Drv Door Open 상태에서 방치알림 종료 및 Sleep 진입 후 암전류 측정 | T15: OK | Y15: OK
A16: WPC-기능-001~002 | B16: WPC(SW)-동작성능-12-9 | C16: 휴대폰 거치 | E16: Ast Door Open 상태에서 방치알림 종료 및 Sleep 진입 후 암전류 측정 | T16: OK | Y16: OK
A17: WPC-기능-001~002 | B17: WPC(SW)-동작성능-12-10 | C17: 휴대폰 거치 | E17: RL Door Open 상태에서 방치알림 종료 및 Sleep 진입 후 암전류 측정 | T17: OK | Y17: OK
A18: WPC-기능-001~002 | B18: WPC(SW)-동작성능-12-11 | C18: 휴대폰 거치 | E18: RR Door Open 상태에서 방치알림 종료 및 Sleep 진입 후 암전류 측정 | T18: OK | Y18: OK
A19: WPC-기능-001~002 | B19: WPC(SW)-동작성능-12-12 | C19: 휴대폰 거치 | E19: All Door Close 상태에서 방치알림 중간 휴대폰 제거 및 Sleep 진입 후 암전류 측정 | T19: OK | Y19: OK
A20: WPC-기능-001~002 | B20: WPC(SW)-동작성능-12-13 | C20: 휴대폰 거치 | E20: Drv Door Open 상태에서 방치알림 중간 휴대폰 제거 및 Sleep 진입 후 암전류 측정 | T20: OK | Y20: OK
A21: WPC-기능-001~002 | B21: WPC(SW)-동작성능-12-14 | C21: 휴대폰 거치 | E21: Ast Door Open 상태에서 방치알림 중간 휴대폰 제거 및 Sleep 진입 후 암전류 측정 | T21: OK | Y21: OK
A22: WPC-기능-001~002 | B22: WPC(SW)-동작성능-12-15 | C22: 휴대폰 거치 | E22: RL Door Open 상태에서 방치알림 중간 휴대폰 제거 및 Sleep 진입 후 암전류 측정 | T22: OK | Y22: OK
A23: WPC-기능-001~002 | B23: WPC(SW)-동작성능-12-16 | C23: 휴대폰 거치 | E23: RR Door Open 상태에서 방치알림 중간 휴대폰 제거 및 Sleep 진입 후 암전류 측정 | T23: OK | Y23: OK
B25: 1) 일반 사용자 조건(전기차 전원 체계 반영)
B26: No. | C26: 초기 조건 | E26: 평가 내용 | T26: Sleep 여부 | V26: 암전류 측정값 [mA] | X26: 개발목표치 | Y26: 결과 | Z26: 비고
B27: WPC(SW)-동작성능-12-1 | C27: 휴대폰 미거치 | E27: All Door Close 상태에서 Sleep 진입 후 암전류 측정 | T27: OK | X27: 1mA↓ | Y27: OK
B28: WPC(SW)-동작성능-12-2 | C28: 휴대폰 미거치 | E28: Drv Door Open → Close 상태에서 Sleep 진입 후 암전류 측정 | T28: OK | Y28: OK
B29: WPC(SW)-동작성능-12-3 | C29: 휴대폰 미거치 | E29: Ast Door Open → Close 상태에서 Sleep 진입 후 암전류 측정 | T29: OK | Y29: OK
B30: WPC(SW)-동작성능-12-4 | C30: 휴대폰 미거치 | E30: RL Door Open → Close상태에서 Sleep 진입 후 암전류 측정 | T30: OK | Y30: OK
B31: WPC(SW)-동작성능-12-5 | C31: 휴대폰 미거치 | E31: RR Door Open → Close상태에서 Sleep 진입 후 암전류 측정 | T31: OK | Y31: OK
B32: WPC(SW)-동작성능-12-6 | C32: 휴대폰 미거치 | E32: C_WPCNFCcmd = 0x02 (NFC Searching Off) 수신하고 Door Open → Close Sleep 진입 후 암전류 측정 | T32: OK | Y32: OK | Z32: NFC 적용사양
B33: WPC(SW)-동작성능-12-7 | C33: 휴대폰 거치 | E33: All Door Open → Close 상태에서 방치알림 종료 및 Sleep 진입 후 암전류 측정 | T33: OK | Y33: OK
B34: WPC(SW)-동작성능-12-8 | C34: 휴대폰 거치 | E34: Drv Door Open → Close 상태에서 방치알림 종료 및 Sleep 진입 후 암전류 측정 | T34: OK | Y34: OK
B35: WPC(SW)-동작성능-12-9 | C35: 휴대폰 거치 | E35: Ast Door Open → Close 상태에서 방치알림 종료 및 Sleep 진입 후 암전류 측정 | T35: OK | Y35: OK
B36: WPC(SW)-동작성능-12-10 | C36: 휴대폰 거치 | E36: RL Door Open → Close 상태에서 방치알림 종료 및 Sleep 진입 후 암전류 측정 | T36: OK | Y36: OK
B37: WPC(SW)-동작성능-12-11 | C37: 휴대폰 거치 | E37: RR Door Open → Close 상태에서 방치알림 종료 및 Sleep 진입 후 암전류 측정 | T37: OK | Y37: OK
B38: WPC(SW)-동작성능-12-12 | C38: 휴대폰 거치 | E38: All Door Open → Close 상태에서 방치알림 중간 휴대폰 제거 및 Sleep 진입 후 암전류 측정 | T38: OK | Y38: OK
B39: WPC(SW)-동작성능-12-13 | C39: 휴대폰 거치 | E39: Drv Door Open → Close 상태에서 방치알림 중간 휴대폰 제거 및 Sleep 진입 후 암전류 측정 | T39: OK | Y39: OK
B40: WPC(SW)-동작성능-12-14 | C40: 휴대폰 거치 | E40: Ast Door Open → Close 상태에서 방치알림 중간 휴대폰 제거 및 Sleep 진입 후 암전류 측정 | T40: OK | Y40: OK
B41: WPC(SW)-동작성능-12-15 | C41: 휴대폰 거치 | E41: RL Door Open → Close 상태에서 방치알림 중간 휴대폰 제거 및 Sleep 진입 후 암전류 측정 | T41: OK | Y41: OK
B42: WPC(SW)-동작성능-12-16 | C42: 휴대폰 거치 | E42: RR Door Open → Close 상태에서 방치알림 중간 휴대폰 제거 및 Sleep 진입 후 암전류 측정 | T42: OK | Y42: OK
B44: WPC(SW)-동작성능-2
B45: No. | C45: 구분 | E45: 평가 내용 | T45: Sleep 여부 | V45: 암전류 측정값 [mA] | X45: 개발목표치 | Y45: 결과 | Z45: 비고
A46: WPC-기능-001~002 | B46: WPC(SW)-동작성능-2-1 | C46: 전원 | E46: B+ = 18.5V 에서 Sleep 진입 및 Wake up확인 | T46: OK | X46: 1mA↓ | Y46: OK | Z46: 전기차 전원체게 반영시 도어 OPEN → Close 후 IGN OFF 할 것
A47: WPC-기능-001~002 | B47: WPC(SW)-동작성능-2-2 | C47: 전원 | E47: B+ = 18V 에서 Sleep 진입 및 Wake up확인 | T47: OK | Y47: OK
A48: WPC-기능-001~002 | B48: WPC(SW)-동작성능-2-3 | C48: 전원 | E48: B+ = 17V 에서 Sleep 진입 및 Wake up확인 | T48: OK | Y48: OK
A49: WPC-기능-001~002 | B49: WPC(SW)-동작성능-2-4 | C49: 전원 | E49: B+ = 16V 에서 Sleep 진입 및 Wake up확인 | T49: OK | Y49: OK
A50: WPC-기능-001~002 | B50: WPC(SW)-동작성능-2-5 | C50: 전원 | E50: B+ = 15V 에서 Sleep 진입 및 Wake up확인 | T50: OK | Y50: OK
A51: WPC-기능-001~002 | B51: WPC(SW)-동작성능-2-6 | C51: 전원 | E51: B+ = 14V 에서 Sleep 진입 및 Wake up확인 | T51: OK | Y51: OK
A52: WPC-기능-001~002 | B52: WPC(SW)-동작성능-2-7 | C52: 전원 | E52: B+ = 13V 에서 Sleep 진입 및 Wake up확인 | T52: OK | Y52: OK
A53: WPC-기능-001~002 | B53: WPC(SW)-동작성능-2-8 | C53: 전원 | E53: B+ = 12V 에서 Sleep 진입 및 Wake up확인 | T53: OK | Y53: OK
A54: WPC-기능-001~002 | B54: WPC(SW)-동작성능-2-9 | C54: 전원 | E54: B+ = 11V 에서 Sleep 진입 및 Wake up확인 | T54: OK | Y54: OK
A55: WPC-기능-001~002 | B55: WPC(SW)-동작성능-2-10 | C55: 전원 | E55: B+ = 10V 에서 Sleep 진입 및 Wake up확인 | T55: OK | Y55: OK
A56: WPC-기능-001~002 | B56: WPC(SW)-동작성능-2-11 | C56: 전원 | E56: B+ = 9V 에서 Sleep 진입 및 Wake up확인 | T56: OK | Y56: OK
A57: WPC-기능-001~002 | B57: WPC(SW)-동작성능-2-12 | C57: 전원 | E57: B+ = 8.5V 에서 Sleep 진입 및 Wake up확인 | T57: OK | Y57: OK
A58: WPC-기능-001~002 | B58: WPC(SW)-동작성능-2-13 | C58: 전원 | E58: B+ = 8V 에서 Sleep 진입 및 Wake up확인 | T58: OK | Y58: OK
... A61: WPC-기능-001~002 | B61: WPC(SW)-동작성능-2-16 | C61: 전원 | E61: B+ = 6.5V 에서 Sleep 진입 및 Wake up확인 | T61: OK | Y61: OK
B63: 3) Wake Up
B64: No. | C64: 평가내용 | Y64: 결과 | Z64: 비고
C65: Input | V65: Output
A66: WPC-기능-001~002 | B66: 1 | C66: SleepAck -> CAN 신호 입력 | V66: Wake Up | W66: OK | Y66: OK
A67: WPC-기능-001~002 | B67: 2 | C67: SleepAck -> 진단 통신 수신시 | R67: Wake Up | V67: Wake Up | W67: OK | Y67: OK
A68: WPC-기능-001~002 | B68: 3 | C68: SleepAck -> IGN1 On | R68: Wake Up | V68: Wake Up | W68: OK | Y68: OK
A69: WPC-기능-001~002 | B69: 4 | C69: Sleep IND -> CAN 신호 입력 | V69: Wake Up | W69: OK | Y69: OK | Z69: NFC 적용사양
A70: WPC-기능-001~002 | B70: 5 | C70: Sleep IND -> 진단 통신 수신시 | R70: Wake Up | V70: Wake Up | W70: OK | Y70: OK
A71: WPC-기능-001~002 | B71: 6 | C71: Sleep IND -> IGN1 On | R71: Wake Up | V71: Wake Up | W71: OK | Y71: OK
A72: WPC-기능-001~002 | B72: 7 | C72: SleepAck -> C_WPCNFCcmd = 0x01 (NFC Searching On) 수신 | R72: Wake Up | V72: Wake Up | W72: OK | Y72: OK | Z72: NFC 적용사양
A73: WPC-기능-001~002 | B73: 8 | C73: L-CAN/B-CAN SleepAck --> L-CAN Wake Up | V73: B-CAN Sleep L-CAN Wake Up | Y73: OK | Z73: NFC 적용사양
A74: WPC-기능-001~002 | B74: 9 | C74: L-CAN/B-CAN SleepAck --> L-CAN Wake Up --> IGN ON | V74: B-CAN Wake Up L-CAN Wake Up | Y74: OK | Z74: NFC 적용사양
A75: WPC-기능-001~002 | B75: 10 | C75: L-CAN/B-CAN SleepIND --> L-CAN Wake Up | V75: B-CAN Sleep L-CAN Wake Up | Y75: OK | Z75: NFC 적용사양
A76: WPC-기능-001~002 | B76: 11 | C76: L-CAN/B-CAN SleepIND --> L-CAN Wake Up --> IGN ON | V76: B-CAN Wake Up L-CAN Wake Up | Y76: OK | Z76: NFC 적용사양
A77: WPC-기능-001~002 | B77: 12 | C77: L-CAN/B-CAN SleepAck --> B-CAN Wake Up | V77: B-CAN Wake Up L-CAN Wake Up | Y77: OK | Z77: NFC 적용사양
A78: WPC-기능-001~002 | B78: 13 | C78: L-CAN/B-CAN SleepAck --> B-CAN Wake Up --> IGN ON | V78: B-CAN Wake Up L-CAN Wake Up | Y78: OK | Z78: NFC 적용사양
A79: WPC-기능-001~002 | B79: 14 | C79: L-CAN Wake up / B-CAN SleepAck --> B-CAN Wake Up | V79: B-CAN Wake Up L-CAN Wake Up | Y79: OK | Z79: NFC 적용사양
A80: WPC-기능-001~002 | B80: 15 | C80: L-CAN Wake up / B-CAN SleepIND --> B-CAN Wake Up | V80: B-CAN Wake Up L-CAN Wake Up | Y80: OK | Z80: NFC 적용사양
B82: 5) 악의평가
B83: No. | C83: 평가내용 | Y83: 결과 | Z83: 비고
C84: Input | Q84: Output
A85: WPC-기능-001~002 | B85: 13 | C85: CGW Alive 및 RWPC Alive -> IGN Off | Q85: RWPC IGN OFF 시점부터 100초 뒤 RWPC 1회 리셋 확인 후 Sleep 정상동작 확인 | Y85: N/A | Z85: RWPC 사양
A86: WPC-기능-001~002 | B86: 14 | C86: 관련 가상노드 Off로 RX 신호 TimeOut 설정 후 B+리셋 | Q86: WPC 정상 B-CAM.L-CAN 정상 Sleep 진입 할 것 | Y86: OK
A87: WPC-기능-001~002 | B87: 15 | C87: WPC B-CAN DB 정의 된 RX신호 1개씩 Time Out 설정 1초 유지 후 모든 RX Time Out 설정 | Q87: WPC 정상 B-CAM.L-CAN 정상 Sleep 진입 할 것 | Y87: OK
A88: WPC-기능-001~002 | B88: 16 | C88: WPC L-CANDB 정의 된 RX신호 1개씩 Time Out 설정 1초 유지 후 모든 RX Time Out 설정 | Q88: WPC 정상 B-CAM.L-CAN 정상 Sleep 진입 할 것 | Y88: OK
A89: WPC-기능-001~002 | B89: 17 | C89: WPC B,L-CAN DB 정의 된 RX신호 1개씩 Time Out 설정 1초 유지 후 모든 RX Time Out 설정 | Q89: WPC 정상 B-CAM.L-CAN 정상 Sleep 진입 할 것 | Y89: OK
B90: 19 | C90: CAN 부하율 80~90% → B+ RESET | Q90: 충전 및 인디케이터 정상 동작 할 것 | Y90: OK
A91: WPC-기능-001~002 | B91: 20 | C91: 0.1V씩 2초 주기로 12V까지 상승 후 휴대폰 거치 | Q91: Sleep 진입 및 암전류 정상 확인 | Y91: OK

Sheet Power Off Control
B1: Power Off Control
B3: WPC(SW)-기능-46
B4: No. | C4: 평가내용 | Y4: 결과 | Z4: 비고 | AC4: 항목 수
C5: Input | Q5: Output | AB5: 총 | AC5: =SUM(AC6:AC16) -> 25
A6: WPC-기능-007~009 | B6: WPC(SW)-기능-46-1 | C6: B+ = 9V 에서 CCU_ForcedPowerOfReq == 0x1(On in the non-sleep state) 수신 | Q6: WPC 리셋 및 Sleep 정상동작 확인 | Y6: OK | Z6: NFC 적용사양 | AB6: OK | AC6: =COUNTIF(Y:Y,"OK") -> 25
A7: WPC-기능-007~009 | B7: WPC(SW)-기능-46-1 | C7: B+ = 8.5V 에서 CCU_ForcedPowerOfReq == 0x1(On in the non-sleep state) 수신 | Q7: WPC 리셋 및 Sleep 정상동작 확인 | Y7: OK | Z7: NFC 적용사양 | AB7: NG | AC7: =COUNTIF(Y:Y,"NG") -> 0
A8: WPC-기능-007~009 | B8: WPC(SW)-기능-46-1 | C8: B+ = 8V 에서 CCU_ForcedPowerOfReq == 0x1(On in the non-sleep state) 수신 | Q8: WPC 리셋 및 Sleep 정상동작 확인 | Y8: OK | Z8: NFC 적용사양 | AB8: N/A | AC8: =COUNTIF(Y:Y,"N/A") -> 0
A9: WPC-기능-007~009 | B9: WPC(SW)-기능-46-1 | C9: B+ = 7.5V 에서 CCU_ForcedPowerOfReq == 0x1(On in the non-sleep state) 수신 | Q9: WPC 리셋 및 Sleep 정상동작 확인 | Y9: OK | Z9: NFC 적용사양
A10: WPC-기능-007~009 | B10: WPC(SW)-기능-46-1 | C10: B+ = 7V 에서 CCU_ForcedPowerOfReq == 0x1(On in the non-sleep state) 수신 | Q10: WPC 리셋 및 Sleep 정상동작 확인 | Y10: OK | Z10: NFC 적용사양
A11: WPC-기능-007~009 | B11: WPC(SW)-기능-46-2 | C11: 위 Case 이후 IGN ON시 | Q11: Wake up 정상동작 확인 | Y11: OK | Z11: NFC 적용사양
A12: WPC-기능-007~009 | B12: WPC(SW)-기능-46-2 | C12: 9V 초과 CCU_ForcedPowerOfReq == 0x1(On in the non-sleep state) 수신 | Q12: WPC 리셋 수행 되지 말것 | Y12: OK | Z12: NFC 적용사양
A13: WPC-기능-007~009 | B13: WPC(SW)-기능-46-1 | C13: 9V 이하 CCU_ForcedPowerOfReq == 0x00수신 | Q13: WPC 리셋 수행 되지 말것 | Y13: OK | Z13: NFC 적용사양
A14: WPC-기능-007~009 | B14: WPC(SW)-기능-46-1 | C14: 9V 초과 CCU_ForcedPowerOfReq == 0x00수신 | Q14: WPC 리셋 수행 되지 말것 | Y14: OK | Z14: NFC 적용사양
A15: WPC-기능-007~009 | B15: WPC(SW)-기능-46-1 | C15: CAN_PDC_ResetFuncOpt == ! Applied 상태에서 CCU_ForcedPowerOfReq == 0x1(On in the non-sleep state) 수신하여 리셋 중 PDC 리셋 수신 시 | Q15: PDC 리셋 신호 무시 할것 (CCU_ForcedPowerOfReq 리셋 정상 동작 될 것) | Y15: OK | Z15: NFC 적용사양
B16: WPC(SW)-기능-47
A17: WPC-기능-007~009 | B17: WPC(SW)-기능-47-1 | C17: B+ = 9V 에서 CAN_PDC_ResetFuncOpt == Applied IGN Off → PDC_ResetPreWrngForOthers == Warning → PDC_ResetReqForOthers ==(Reset Request) 수신 | Q17: 1.리셋 정상 동작 WPC_ResetOpSta == ResetComplete 출력 1분 출력 | Y17: OK
A18: WPC-기능-007~009 | B18: WPC(SW)-기능-47-1 | C18: B+ = 10V 에서 CAN_PDC_ResetFuncOpt == Applied IGN Off → PDC_ResetPreWrngForOthers == Warning → PDC_ResetReqForOthers ==(Reset Request) 수신 | Q18: 1.리셋 정상 동작 WPC_ResetOpSta == ResetComplete 출력 1분 출력 | Y18: OK
A19: WPC-기능-007~009 | B19: WPC(SW)-기능-47-1 | C19: B+ = 11V 에서 CAN_PDC_ResetFuncOpt == Applied IGN Off → PDC_ResetPreWrngForOthers == Warning → PDC_ResetReqForOthers ==(Reset Request) 수신 | Q19: 1.리셋 정상 동작 WPC_ResetOpSta == ResetComplete 출력 1분 출력 | Y19: OK
A20: WPC-기능-007~009 | B20: WPC(SW)-기능-47-1 | C20: B+ = 12V 에서 CAN_PDC_ResetFuncOpt == Applied IGN Off → PDC_ResetPreWrngForOthers == Warning → PDC_ResetReqForOthers ==(Reset Request) 수신 | Q20: 1.리셋 정상 동작 WPC_ResetOpSta == ResetComplete 출력 1분 출력 | Y20: OK
A21: WPC-기능-007~009 | B21: WPC(SW)-기능-47-1 | C21: B+ = 13V 에서 CAN_PDC_ResetFuncOpt == Applied IGN Off → PDC_ResetPreWrngForOthers == Warning → PDC_ResetReqForOthers ==(Reset Request) 수신 | Q21: 1.리셋 정상 동작 WPC_ResetOpSta == ResetComplete 출력 1분 출력 | Y21: OK
A22: WPC-기능-007~009 | B22: WPC(SW)-기능-47-1 | C22: B+ = 14V 에서 CAN_PDC_ResetFuncOpt == Applied IGN Off → PDC_ResetPreWrngForOthers == Warning → PDC_ResetReqForOthers ==(Reset Request) 수신 | Q22: 1.리셋 정상 동작 WPC_ResetOpSta == ResetComplete 출력 1분 출력 | Y22: OK
A23: WPC-기능-007~009 | B23: WPC(SW)-기능-47-1 | C23: B+ = 15V 에서 CAN_PDC_ResetFuncOpt == Applied IGN Off → PDC_ResetPreWrngForOthers == Warning → PDC_ResetReqForOthers ==(Reset Request) 수신 | Q23: 1.리셋 정상 동작 WPC_ResetOpSta == ResetComplete 출력 1분 출력 | Y23: OK
A24: WPC-기능-007~009 | B24: WPC(SW)-기능-47-1 | C24: B+ = 16V 에서 CAN_PDC_ResetFuncOpt == Applied IGN Off → PDC_ResetPreWrngForOthers == Warning → PDC_ResetReqForOthers ==(Reset Request) 수신 | Q24: 1.리셋 정상 동작 WPC_ResetOpSta == ResetComplete 출력 1분 출력 | Y24: OK
A25: WPC-기능-007~009 | B25: WPC(SW)-기능-47-1 | C25: B+ = 17V 에서 CAN_PDC_ResetFuncOpt == Applied IGN Off → PDC_ResetPreWrngForOthers == Warning → PDC_ResetReqForOthers ==(Reset Request) 수신 | Q25: 1.리셋 정상 동작 WPC_ResetOpSta == ResetComplete 출력 1분 출력 | Y25: OK
A26: WPC-기능-007~009 | B26: WPC(SW)-기능-47-2 | C26: 위 case | Q26: SleepAck 진입후 Wake up 시 WPC_ResetOpSta == Normal 출력 | Y26: OK
A27: WPC-기능-007~009 | B27: WPC(SW)-기능-47-3 | C27: 위 위 case | Q27: PDC_ResetPreWrngForOthers == Warning 재 수신 시 WPC_ResetOpSta == Normal 출력 | Y27: OK
A28: WPC-기능-007~009 | B28: WPC(SW)-기능-47-4 | C28: CAN_PDC_ResetFuncOpt == Applied IGN Off → PDC_ResetPreWrngForOthers == Warning → PDC_ResetReqForOthers == RESERVED 수신 | Q28: 1. 리셋 실패 동작 시 WPC_ResetOpSta == ResetFail 1분간 출력 | Y28: OK
... A30: WPC-기능-007~009 | B30: WPC(SW)-기능-47-1 | C30: CAN_PDC_ResetFuncOpt == Applied IGN ON → PDC_ResetPreWrngForOthers == Warning → PDC_ResetReqForOthers ==(Reset Request) 수신 | Q30: 1.리셋 수행 하지 말 것 | Y30: OK
A31: WPC-기능-007~009 | B31: WPC(SW)-기능-46-1 | C31: CAN_PDC_ResetFuncOpt == Applied 상태에서 PDC 리셋 중 CCU_ForcedPowerOfReq == 0x1(On in the non-sleep state) 수신 시 | Q31: CCU_ForcedPowerOfReq 리셋 신호 무시 할것 (PDC 리셋 정상 동작 될 것) | Y31: OK | Z31: NFC 적용사양

Sheet WPC & NFC Mode Control
C2: WPC & NFC Mode Control Function
C4: WPC(SW)-기능-1,WPC(SW)-기능-2,WPC(SW)-기능-3,WPC(SW)-기능-4
C5: No | D5: 구분 | F5: 초기 조건 | J5: 평가조건1 | N5: 평가조건2 | R5: 평가조건3 | V5: 평가조건3 | Z5: 평가조건4 | AD5: 사양 결과 | AH5: 결과 | AI5: 비고 | AL5: 항목 수
AK6: 총 | AL6: =SUM(AL7:AL7) -> 232
C7: WPC(SW)-기능-2-1 | D7: b_WPCSW Option = On | F7: Off_Mode | J7: C_WPCNFCcmd == Searching On(HCE) | N7: - | R7: - | V7: - | Z7: - | AD7: NFC_Mode | AH7: N/A | AK7: OK | AL7: =COUNTIF(AH:AH,"OK") -> 232
C8: WPC(SW)-기능-2-2 | F8: 윗 case | J8: B+ 리셋 | N8: - | R8: - | V8: - | Z8: - | AD8: Off_Mode | AH8: N/A | AK8: NG | AL8: =COUNTIF(AH:AH,"NG") -> 0
C9: WPC(SW)-기능-2-3 | F9: Off_Mode | J9: C_WPCNFCcmd == Searching Off | N9: - | R9: - | V9: - | Z9: - | AD9: Off_Mode | AH9: N/A | AK9: N/A | AL9: =COUNTIF(AH:AH,"N/A") -> 56
C10: WPC(SW)-기능-4-1 | F10: Off_Mode | J10: C_WPCNFCcmd == Searching On(USIM) | N10: - | R10: - | V10: - | Z10: - | AD10: NFC_Mode | AH10: N/A | AI10: ty별 추가
C11: WPC(SW)-기능-2-4 | F11: 윗 case | J11: B+ 리셋 | N11: - | R11: - | V11: - | Z11: - | AD11: Off_Mode | AH11: N/A
C12: WPC(SW)-기능-2-5 | F12: Off_Mode | J12: C_WPCNFCcmd == Reserved | N12: - | R12: - | V12: - | Z12: - | AD12: Off_Mode | AH12: N/A
C13: WPC(SW)-기능-2-6 | F13: Off_Mode | J13: C_WPCNFCcmd == Invalid | N13: - | R13: - | V13: - | Z13: - | AD13: Off_Mode | AH13: N/A
C14: WPC(SW)-기능-4-2 | F14: Off_Mode | J14: C_IAUWPCNFCCmd == WPC NFC Polling(Search) | N14: - | R14: - | V14: - | Z14: - | AD14: NFC_Mode | AH14: N/A
C15: WPC(SW)-기능-2-7 | F15: 윗 case | J15: B+ 리셋 | N15: - | R15: - | V15: - | Z15: - | AD15: Off_Mode | AH15: N/A
C16: WPC(SW)-기능-2-8 | F16: Off_Mode | J16: C_IAUWPCNFCCmd == WPC NFC Deselect(Stop) | N16: - | R16: - | V16: - | Z16: - | AD16: Off_Mode | AH16: N/A
C17: WPC(SW)-기능-2-9 | F17: Off_Mode | J17: C_IAUWPCNFCCmd == Invalid | N17: - | R17: - | V17: - | Z17: - | AD17: Off_Mode | AH17: N/A
C18: WPC(SW)-기능-4-3 | F18: Off_Mode | J18: NFC Mode 진입 60초 이내 | N18: C_WPCNFCcmd == Searching On(HCE) | R18: - | V18: - | Z18: - | AD18: NFC Mode 재진입 60초 후 Off_Mode 진입 | AH18: N/A
C19: WPC(SW)-기능-2-10 | F19: Off_Mode | J19: NFC Mode 진입 60초 이내 | N19: C_WPCNFCcmd == Searching Off | R19: - | V19: - | Z19: - | AD19: Off_Mode | AH19: N/A
C20: WPC(SW)-기능-4-4 | F20: Off_Mode | J20: NFC Mode 진입 60초 이내 | N20: C_WPCNFCcmd == Searching On(USIM) | R20: - | V20: - | Z20: - | AD20: NFC Mode 재진입 60초 후 Off_Mode 진입 | AH20: N/A
C21: WPC(SW)-기능-4-5 | F21: Off_Mode | J21: NFC Mode 진입 60초 이내 | N21: C_IAUWPCNFCCmd == WPC NFC Polling(Search) | R21: - | V21: - | Z21: - | AD21: NFC Mode 재진입 60초 후 Off_Mode 진입 | AH21: N/A
C22: WPC(SW)-기능-2-11 | F22: Off_Mode | J22: NFC Mode 진입 60초 이내 | N22: C_IAUWPCNFCCmd == WPC NFC Deselect(Stop) | R22: - | V22: - | Z22: - | AD22: Off_Mode | AH22: N/A
... C29: WPC(SW)-기능-4-8 | F29: Off_Mode | J29: NFC Mode 진입 60초 이내 | N29: L_IGN1_IN = On | R29: C_IAUWPCNFCCmd == WPC NFC Polling(Search) | V29: - | Z29: - | AD29: NFC Mode 재진입 60초 후 WPC_Mode 진입 | AH29: N/A
C30: WPC(SW)-기능-2-13 | F30: Off_Mode | J30: NFC Mode 진입 60초 이내 | N30: L_IGN1_IN = On | R30: C_WPCNFCcmd == Searching Off | V30: - | AD30: WPC_Mode | AH30: N/A
C31: WPC(SW)-기능-2-14 | F31: Off_Mode | J31: NFC Mode 진입 60초 이내 | N31: L_IGN1_IN = On | R31: C_IAUWPCNFCCmd == WPC NFC Deselect(Stop) | V31: - | AD31: WPC_Mode | AH31: N/A
C32: WPC(SW)-기능-4-9 | F32: WPC_Mode | J32: C_WPCNFCcmd == Searching On(HCE) | N32: - | R32: - | V32: - | Z32: - | AD32: NFC_Mode | AH32: N/A
C33: WPC(SW)-기능-2-15 | F33: WPC_Mode | J33: B+ 리셋 | N33: - | R33: - | V33: - | Z33: - | AD33: WPC_Mode | AH33: N/A
C34: WPC(SW)-기능-2-16 | F34: WPC_Mode | J34: C_WPCNFCcmd == Searching Off | N34: - | R34: - | V34: - | Z34: - | AD34: WPC_Mode | AH34: N/A
C35: WPC(SW)-기능-4-10 | F35: WPC_Mode | J35: C_WPCNFCcmd == Searching On(USIM) | N35: - | R35: - | V35: - | Z35: - | AD35: NFC_Mode | AH35: N/A
C36: WPC(SW)-기능-2-17 | F36: WPC_Mode | J36: B+ 리셋 | N36: - | R36: - | V36: - | Z36: - | AD36: WPC_Mode | AH36: N/A
C37: WPC(SW)-기능-2-18 | F37: WPC_Mode | J37: C_WPCNFCcmd == Reserved | N37: - | R37: - | V37: - | Z37: - | AD37: WPC_Mode | AH37: N/A
C38: WPC(SW)-기능-2-19 | F38: WPC_Mode | J38: C_WPCNFCcmd == Invalid | N38: - | R38: - | V38: - | Z38: - | AD38: WPC_Mode | AH38: N/A
C39: WPC(SW)-기능-4-11 | F39: WPC_Mode | J39: C_IAUWPCNFCCmd == WPC NFC Polling(Search) | N39: - | R39: - | V39: - | Z39: - | AD39: NFC_Mode | AH39: N/A
C40: WPC(SW)-기능-2-20 | F40: WPC_Mode | J40: B+ 리셋 | N40: - | R40: - | V40: - | Z40: - | AD40: WPC_Mode | AH40: N/A
C41: WPC(SW)-기능-2-21 | F41: WPC_Mode | J41: C_IAUWPCNFCCmd == WPC NFC Deselect(Stop) | N41: - | R41: - | V41: - | Z41: - | AD41: WPC_Mode | AH41: N/A
C42: WPC(SW)-기능-2-22 | F42: WPC_Mode | J42: C_IAUWPCNFCCmd == Invalid | N42: - | R42: - | V42: - | Z42: - | AD42: WPC_Mode | AH42: N/A
C43: WPC(SW)-기능-1-1 | F43: WPC_Mode | J43: L_IGN1_IN = Off | N43: - | R43: - | V43: - | Z43: - | AD43: Off_Mode | AH43: N/A
C44: WPC(SW)-기능-1-2 | F44: WPC_Mode | J44: b_WPCSWOption = Off | N44: - | R44: - | V44: - | Z44: - | AD44: Off_Mode | AH44: N/A
C45: WPC(SW)-기능-4-12 | D45: b_WPCSW Option = Off | F45: Off_Mode | J45: b_WPCSWOption = Off | N45: L_IGN1_IN = Off | R45: C_WPCNFCcmd == Searching On(HCE) | V45: - | Z45: - | AD45: NFC_Mode | AH45: N/A
C46: WPC(SW)-기능-2-23 | F46: Off_Mode | J46: b_WPCSWOption = Off | N46: L_IGN1_IN = Off | R46: C_WPCNFCcmd == Searching Off | V46: - | Z46: - | AD46: Off_Mode | AH46: N/A
C47: WPC(SW)-기능-4-13 | F47: Off_Mode | J47: b_WPCSWOption = Off | N47: L_IGN1_IN = Off | R47: C_WPCNFCcmd == Searching On(USIM) | V47: - | Z47: - | AD47: NFC_Mode | AH47: N/A
B48: 전체CAN신호 대한 TC 필요 | C48: WPC(SW)-기능-4-14 | F48: Off_Mode | J48: b_WPCSWOption = Off | N48: L_IGN1_IN = Off | R48: C_IAUWPCNFCCmd == WPC NFC Polling(Search) | V48: - | Z48: - | AD48: NFC_Mode | AH48: N/A
B49: 전체CAN신호 대한 TC 필요 | C49: WPC(SW)-기능-4-15 | F49: Off_Mode | J49: b_WPCSWOption = Off | N49: L_IGN1_IN = Off | R49: C_IAUWPCNFCCmd == WPC NFC Deselect(Stop) | V49: - | Z49: - | AD49: Off_Mode | AH49: N/A
C50: WPC(SW)-기능-4-16 | F50: Off_Mode | J50: b_WPCSWOption = Off | N50: L_IGN1_IN = On | R50: C_WPCNFCcmd == Searching On(HCE) | V50: - | Z50: - | AD50: NFC Mode 재진입 60초 후 Off_Mode 진입 | AH50: N/A
C51: WPC(SW)-기능-2-24 | F51: Off_Mode | J51: b_WPCSWOption = Off | N51: L_IGN1_IN = On | R51: C_WPCNFCcmd == Searching Off | V51: - | Z51: - | AD51: Off_Mode | AH51: N/A
B52: 전체CAN신호 대한 TC 필요 | C52: WPC(SW)-기능-4-17 | F52: Off_Mode | J52: b_WPCSWOption = Off | N52: L_IGN1_IN = On | R52: C_WPCNFCcmd == Searching On(USIM) | V52: - | Z52: - | AD52: NFC Mode 재진입 60초 후 Off_Mode 진입 | AH52: N/A
B53: 전체CAN신호 대한 TC 필요 | C53: WPC(SW)-기능-4-18 | F53: Off_Mode | J53: b_WPCSWOption = Off | N53: L_IGN1_IN = On | R53: C_IAUWPCNFCCmd == WPC NFC Polling(Search) | V53: - | Z53: - | AD53: NFC Mode 재진입 60초 후 Off_Mode 진입 | AH53: N/A
B54: 기능4에대한 기능 | C54: WPC(SW)-기능-2-25 | F54: Off_Mode | J54: b_WPCSWOption = Off | N54: L_IGN1_IN = On | R54: C_IAUWPCNFCCmd == WPC NFC Deselect(Stop) | V54: - | Z54: - | AD54: Off_Mode | AH54: N/A
C55: WPC(SW)-기능-1-3 | D55: Non NFC | F55: Off_Mode | J55: b_WPCSWOption = Off | N55: L_IGN1_IN = Off | R55: - | V55: - | Z55: - | AD55: Off_Mode | AH55: N/A | AI55: Non NFC 사양
C56: WPC(SW)-기능-1-4 | F56: Off_Mode | J56: b_WPCSWOption = Off | N56: L_IGN1_IN = On | R56: - | V56: - | Z56: - | AD56: Off_Mode | AH56: N/A | AI56: Non NFC 사양
C57: WPC(SW)-기능-1-5 | F57: Off_Mode | J57: b_WPCSWOption = On | N57: L_IGN1_IN = Off | R57: - | V57: - | Z57: - | AD57: Off_Mode | AH57: N/A | AI57: Non NFC 사양
C58: WPC(SW)-기능-1-6 | F58: Off_Mode | J58: b_WPCSWOption = On | N58: L_IGN1_IN = On | R58: - | V58: - | Z58: - | AD58: WPC_Mode | AH58: N/A | AI58: Non NFC 사양
C59: WPC(SW)-기능-1-7 | D59: b_BatterPowerState = On && b_IGNUseOption = Off | F59: Off_Mode | J59: b_WPCSWOption = Off | N59: B/ON == Off | R59: - | V59: - | Z59: - | AD59: Off_Mode | AH59: N/A | AI59: PY F/L 사양
C60: WPC(SW)-기능-1-8 | F60: Off_Mode | J60: b_WPCSWOption = On | N60: B/ON == Off | R60: - | V60: - | Z60: - | AD60: Off_Mode | AH60: N/A | AI60: PY F/L 사양
C61: WPC(SW)-기능-1-9 | F61: Off_Mode | J61: b_WPCSWOption = Off | N61: B/ON == On | R61: - | V61: - | Z61: - | AD61: Off_Mode | AH61: N/A | AI61: PY F/L 사양
C62: WPC(SW)-기능-1-10 | F62: Off_Mode | J62: b_WPCSWOption = On | N62: B/ON == On | R62: - | V62: - | Z62: - | AD62: WPC_Mode | AH62: N/A | AI62: PY F/L 사양
C64: WPC(SW)-기능-5,WPC(SW)-기능-37,WPC(SW)-기능-38,WPC(SW)-기능-39,WPC(SW)-기능-40,WPC(SW)-기능-41,WPC(SW)-기능-42,WPC(SW)-기능-43,WPC(SW)-기능-44,WPC(SW)-기능-45
C65: WPC(SW)-기능-5-1 | D65: LPCD 사양 | F65: L_IGN1_IN = Off | J65: L_IGN1_IN = ON | N65: b_WPCSWOption == ON | R65: 핸드폰 거치 | V65: - | Z65: - | AD65: WPC_Mode 핸드폰 충전 중 | AH65: OK | AI65: LPCD 사양
C66: WPC(SW)-기능-5-2 | F66: 위 Case | J66: 핸드폰 비 정상 거치 | N66: OwnerKeyRegStatus != Registered | R66: OwnerPairingAdvertisingReq == StartEnable | V66: - | Z66: - | AD66: PICC_Mode | AH66: OK | AI66: LPCD 사양
C67: WPC(SW)-기능-5-3 | F67: 위 Case | J67: L_IGN1_IN = On | N67: WPC 위 핸드폰 감지 | R67: b_WPCSWOption == ON | V67: - | Z67: - | AD67: WPC_Mode | AH67: OK | AI67: LPCD 사양
C68: WPC(SW)-기능-5-4 | F68: 위 Case | J68: 핸드폰 정상 거치 | N68: - | R68: - | V68: - | Z68: - | AD68: WPC_Mode 핸드폰 충전 중 | AH68: OK | AI68: LPCD 사양
C69: WPC(SW)-기능-5-5 | F69: 위 Case | J69: L_IGN1_IN = Off | N69: cell on th pad 신호 출력 | R69: - | V69: - | Z69: - | AD69: Off Mode | AH69: OK | AI69: LPCD 사양
C70: WPC(SW)-기능-5-6 | F70: 위 Case | J70: cell on th pad 신호 출력 60s 후 | N70: - | R70: - | V70: - | Z70: - | AD70: LPCD_Mode | AH70: OK | AI70: LPCD 사양
B71: type 별 구분 필요 | C71: WPC(SW)-기능-43-1 | F71: 위 Case | J71: LPCDOffDelayConfirmTime == 60s 후 -처음 LPCD Mode 부터 | N71: - | R71: - | V71: - | Z71: - | AD71: 정상 Sleep 될것 | AH71: OK | AI71: LPCD 사양(19차사양)
B72: type 별 구분 필요 | C72: WPC(SW)-기능-43-2 | F72: 위위 Case | J72: LPCDOffDelayConfirmTime == 60s 후 -마지막 LPCD Mode 부터 | N72: - | R72: - | V72: - | Z72: - | AD72: 정상 Sleep 될것 | AH72: OK | AI72: LPCD 사양 (20차사양이후)
B73: 중복 tc 불필요 (ex 초기조건) | C73: WPC(SW)-기능-5-7 | F73: L_IGN1_IN = Off | J73: L_IGN1_IN = ON | N73: b_WPCSWOption == ON | R73: 핸드폰 거치 | V73: - | Z73: - | AD73: WPC_Mode 핸드폰 충전 중 | AH73: OK | AI73: LPCD 사양
C74: WPC(SW)-기능-5-8 | F74: 위 Case | J74: OwnerKeyRegStatus != Registered | N74: OwnerPairingAdvertisingReq == StartEnable | R74: 핸드폰 미거 치 | V74: - | Z74: - | AD74: PICC_Mode | AH74: OK | AI74: LPCD 사양
C75: WPC(SW)-기능-5-9 | F75: 위 Case | J75: 핸드폰 미거 치 상태 | N75: - | R75: - | V75: - | Z75: - | AD75: LPCD_Mode | AH75: OK | AI75: LPCD 사양
C76: WPC(SW)-기능-43-3 | F76: 위 Case | J76: L_IGN1_IN = Off 시점부터 | N76: LPCDOffDelayConfirmTime == 60s 후 | R76: - | V76: - | Z76: - | AD76: Off Mode 후 Sleep 진입 | AH76: OK | AI76: LPCD 사양(19차사양) | AK76: Off Mode 후 Sleep 진입
B77: WPC 옵션 누락 | C77: WPC(SW)-기능-5-10 | F77: L_IGN1_IN = Off | J77: L_IGN1_IN = ON | N77: 핸드폰 미 거치 | R77: - | V77: - | Z77: - | AD77: WPC_Mode | AH77: OK | AI77: LPCD 사양
C78: WPC(SW)-기능-5-11 | F78: 위 Case | J78: L_IGN1_IN = Off | N78: - | R78: - | V78: - | Z78: - | AD78: Off Mode 후 LPCD Mode 천이 될것 | AH78: OK | AI78: LPCD 사양
C79: WPC(SW)-기능-43-4 | F79: 위 Case | J79: LPCDOffDelayConfirmTime == 60s 후 -처음 LPCD Mode 부터 | N79: - | R79: - | V79: - | Z79: - | AD79: 정상 Sleep 될것 | AH79: OK | AI79: LPCD 사양(19차사양)
C80: WPC(SW)-기능-43-5 | F80: 위위 Case | J80: LPCDOffDelayConfirmTime == 60s 후 -마지막 LPCD Mode 부터 | N80: - | R80: - | V80: - | Z80: - | AD80: 정상 Sleep 될것 | AH80: OK | AI80: LPCD 사양 (20차사양이후)
B81: WPC 옵션 누락 | C81: WPC(SW)-기능-5-12 | F81: L_IGN1_IN = Off | J81: L_IGN1_IN = ON | N81: 핸드폰 미 거치 | R81: - | V81: - | Z81: - | AD81: WPC_Mode | AH81: OK | AI81: LPCD 사양
C82: WPC(SW)-기능-5-13 | F82: 위 Case | J82: b_WPCSWOption == Off | N82: - | R82: - | V82: - | Z82: - | AD82: Off Mode | AH82: OK | AI82: LPCD 사양
C83: WPC(SW)-기능-5-14 | F83: 위 Case | J83: b_WPCSWOption == ON | N83: - | R83: - | V83: - | Z83: - | AD83: WPC_Mode | AH83: OK | AI83: LPCD 사양
C84: WPC(SW)-기능-5-15 | F84: L_IGN1_IN = Off | J84: OwnerPairingAdvertisingReq == StartEnable | N84: b_WPCSWOption == Off | R84: L_IGN1_IN = ON | V84: - | Z84: - | AD84: LPCD_Mode | AH84: OK | AI84: LPCD 사양
C85: WPC(SW)-기능-43-6 | F85: 위 Case | J85: L_IGN1_IN = Off 시점 부터 | N85: LPCDOffDelayConfirmTime == 60s 후 | R85: - | V85: - | Z85: - | AD85: Off Mode | AH85: OK | AI85: LPCD 사양
C86: WPC(SW)-기능-5-16 | F86: L_IGN1_IN = Off | J86: OwnerPairingAdvertisingReq == StartEnable | N86: b_WPCSWOption == Off | R86: L_IGN1_IN = ON | V86: - | Z86: - | AD86: LPCD_Mode | AH86: OK | AI86: LPCD 사양
C87: WPC(SW)-기능-5-17 | F87: 위 Case | J87: OwnerPairingAdvertisingReq ! = StartEnable | N87: - | R87: - | V87: - | Z87: - | AD87: Off Mode | AH87: OK | AI87: LPCD 사양
C88: WPC(SW)-기능-5-18 | F88: L_IGN1_IN = Off | J88: C_DrvDRSW == On | N88: - | R88: - | V88: - | Z88: - | AD88: LPCD_Mode | AH88: OK | AI88: LPCD 사양
C89: WPC(SW)-기능-42-1 | F89: 위 Case | J89: 핸드폰 거치 | N89: NFC_Mode 천이 | R89: C_WPC_NFCDetection = Detected 송신 | V89: WPC NFC Deselect(Stop) 수신 | Z89: - | AD89: PICC_Mode | AH89: OK | AI89: LPCD 사양
C90: WPC(SW)-기능-44-1 WPC(SW)-기능-45-1 | F90: 위 Case | J90: PICCOffDelayConfirmTime = 60 초 후 | N90: - | R90: - | V90: - | Z90: - | AD90: Off Mode 후 정상 Sleep 될것 | AH90: OK | AI90: LPCD 사양
C91: WPC(SW)-기능-5-19 | F91: 위위 Case | J91: 핸드폰 제거 시 | N91: - | R91: - | V91: - | Z91: - | AD91: LPCD_Mode | AH91: OK | AI91: LPCD 사양
C92: WPC(SW)-기능-43-7 | F92: 위 Case | J92: LPCDOffDelayConfirmTime == 60s 후 -처음 LPCD Mode 부터 | N92: - | R92: - | V92: - | Z92: - | AD92: 정상 Sleep 될것 | AH92: OK | AI92: LPCD 사양(19차사양)
C93: WPC(SW)-기능-43-8 | F93: 위 Case | J93: LPCDOffDelayConfirmTime == 60s 후 -마지막 LPCD Mode 부터 | N93: - | R93: - | V93: - | Z93: - | AD93: 정상 Sleep 될것 | AH93: OK | AI93: LPCD 사양 (20차사양이후)
... C98: WPC(SW)-기능-38-1 | F98: 위위 Case | J98: C_BDCWPCNFCcmd = NFC Polling(Search) | N98: - | R98: - | V98: - | Z98: - | AD98: NFC_Mode | AH98: OK | AI98: LPCD 사양
B99: 도어 오픈/클로즈 조건 필요 | C99: WPC(SW)-기능-5-22 | F99: L_IGN1_IN = Off | J99: C_DrvDRSW = Close | N99: - | R99: - | V99: - | Z99: - | AD99: LPCD_Mode | AH99: OK | AI99: LPCD 사양
C100: WPC(SW)-기능-42-2 | F100: 위 Case | J100: 핸드폰 거치 | N100: NFC_Mode 천이 | R100: C_WPC_NFCDetection = Detected 송신 | V100: WPC NFC Deselect(Stop) 수신 | Z100: - | AD100: PICC_Mode | AH100: OK | AI100: LPCD 사양
C101: WPC(SW)-기능-44-1 WPC(SW)-기능-45-1 | F101: 위 Case | J101: PICCOffDelayConfirmTime = 60 초 후 | N101: - | R101: - | V101: - | Z101: - | AD101: Off Mode 후 정상 Sleep 될것 | AH101: OK | AI101: LPCD 사양
C102: WPC(SW)-기능-5-23 | F102: 위 Case(WPC(SW)-기능-42-2번) | J102: 핸드폰 미거치 | N102: - | R102: - | V102: - | Z102: - | AD102: LPCD_Mode | AH102: OK | AI102: LPCD 사양
C103: WPC(SW)-기능-43-10 | F103: 위 Case | J103: LPCDOffDelayConfirmTime == 60s 후 -처음 LPCD Mode 부터 | N103: - | R103: - | V103: - | Z103: - | AD103: 정상 Sleep 될것 | AH103: OK | AI103: LPCD 사양(19차사양)
C104: WPC(SW)-기능-43-11 | F104: 위 Case | J104: LPCDOffDelayConfirmTime == 60s 후 -마지막 LPCD Mode 부터 | N104: - | R104: - | V104: - | Z104: - | AD104: 정상 Sleep 될것 | AH104: OK | AI104: LPCD 사양 (20차사양이후)
C105: WPC(SW)-기능-39-2 | F105: 위 Case | J105: WPC NFC Deselect(Stop) 수신 | N105: - | R105: - | V105: - | Z105: - | AD105: LPCD_Mode | AH105: OK | AI105: LPCD 사양(19차사양)
C106: WPC(SW)-기능-43-12 | F106: 위 Case | J106: LPCDOffDelayConfirmTime == 60s 후 -처음 LPCD Mode 부터 | N106: - | R106: - | V106: - | Z106: - | AD106: 정상 Sleep 될것 | AH106: OK | AI106: LPCD 사양(19차사양)
C107: WPC(SW)-기능-43-13 | F107: 위 Case | J107: LPCDOffDelayConfirmTime == 60s 후 -마지막 LPCD Mode 부터 | N107: - | R107: - | V107: - | Z107: - | AD107: 정상 Sleep 될것 | AH107: OK | AI107: LPCD 사양 (20차사양이후)
C108: WPC(SW)-기능-5-24 | F108: 위 Case(WPC(SW)-기능-42-2번) | J108: L_IGN1_IN = ON | N108: b_WPCSWOption == ON | R108: - | V108: - | Z108: - | AD108: WPC_Mode 핸드폰 충전 중 | AH108: OK | AI108: LPCD 사양
C109: WPC(SW)-기능-43-14 | F109: 위 Case | J109: L_IGN1_IN = Off | N109: cell on th pad 신호 출력 60s 후 | R109: OFF Mode --> LPCD Mode 천이 | V109: LPCDOffDelayConfirmTime == 60s 후 -처음 LPCD Mode 부터 | Z109: - | AD109: Off Mode 후 정상 Sleep 될것 | AH109: OK | AI109: LPCD 사양(19차사양)
C110: WPC(SW)-기능-43-15 | F110: 위 Case | J110: L_IGN1_IN = Off | N110: cell on th pad 신호 출력 60s 후 | R110: OFF Mode --> LPCD Mode 천이 | V110: LPCDOffDelayConfirmTime == 60s 후 -마지막 LPCD Mode 부터 | Z110: - | AD110: Off Mode 후 정상 Sleep 될것 | AH110: OK | AI110: LPCD 사양 (20차사양이후)
C111: WPC(SW)-기능-38-2 | F111: 위 Case(WPC(SW)-기능-5-24번) | J111: C_BDCWPCNFCcmd = NFC Polling(Search) | N111: - | R111: - | V111: - | Z111: - | AD111: NFC_Mode | AH111: OK | AI111: LPCD 사양
... C118: WPC(SW)-기능-38-4 | F118: LPCD Mode | J118: C_BDCWPCNFCcmd = NFC Polling(Search) | N118: 60s 후 | R118: - | V118: - | Z118: - | AD118: LPCD Mode | AH118: OK | AI118: LPCD 사양
B119: WPC 옵션 누락 | C119: WPC(SW)-기능-38-5 | F119: L_IGN1_IN = ON | J119: LPCD Mode | N119: C_BDCWPCNFCcmd = NFC Polling(Search) | R119: b_WPCSWOption == ON | V119: WPC NFC Deselect(Stop) 수신 | Z119: - | AD119: LPCD Mode | AH119: OK | AI119: LPCD 사양
...

Sheet Prevention of SMK LF
B2: WPC Prevention of SMK LF Interference Control Function
B4: WPC(SW)-기능-9,WPC(SW)-기능-10,WPC(SW)-기능-11
B5: No | C5: 구분 | E5: 초기 조건 | I5: 평가조건1 | M5: 평가조건2 | Q5: 평가조건3 | U5: 사양 결과 | Y5: 충전상태 | Z5: LED | AA5: 결과 | AB5: 비고
B7: WPC(SW)-기능-10-1 | C7: 휴대폰 거치 ICU 적용 | E7: L_IGN1_IN = On | I7: C_SMKOption == Off | M7: C_DrvDRSW === On | Q7: - | U7: LFSearching_Off | Y7: On | Z7: On | AA7: OK | AE7: RG3는 Non-SMK사양 없음
B8: WPC(SW)-기능-10-2 | E8: L_IGN1_IN = On | I8: C_SMKOption == Off | M8: C_DrvDRSW === On | Q8: C_AstDRSW === On | U8: LFSearching_Off | Y8: On | Z8: On | AA8: OK | AF8: 항목 수
B9: WPC(SW)-기능-10-3 | E9: L_IGN1_IN = On | I9: C_SMKOption == Off | M9: C_DrvDRSW === On | Q9: C_RLDRSW === On | U9: LFSearching_Off | Y9: On | Z9: On | AA9: OK | AE9: 총 | AF9: =SUM(AF10:AF12) -> 122
B10: WPC(SW)-기능-10-4 | E10: L_IGN1_IN = On | I10: C_SMKOption == Off | M10: C_DrvDRSW === On | Q10: C_RRDRSW === On | U10: LFSearching_Off | Y10: On | Z10: On | AA10: OK | AE10: OK | AF10: =COUNTIF(AA:AA,"OK") -> 122
B11: WPC(SW)-기능-10-5 | E11: L_IGN1_IN = On | I11: C_SMKOption == Off | M11: C_AstDRSW === On | Q11: - | U11: LFSearching_Off | Y11: On | Z11: On | AA11: OK | AE11: NG | AF11: =COUNTIF(AA:AA,"NG") -> 0
B12: WPC(SW)-기능-10-6 | E12: L_IGN1_IN = On | I12: C_SMKOption == Off | M12: C_AstDRSW === On | Q12: C_RLDRSW === On | U12: LFSearching_Off | Y12: On | Z12: On | AA12: OK | AE12: N/A | AF12: =COUNTIF(AA:AA,"N/A") -> 0
B13: WPC(SW)-기능-10-7 | E13: L_IGN1_IN = On | I13: C_SMKOption == Off | M13: C_AstDRSW === On | Q13: C_RRDRSW === On | U13: LFSearching_Off | Y13: On | Z13: On | AA13: OK
B14: WPC(SW)-기능-10-8 | E14: L_IGN1_IN = On | I14: C_SMKOption == Off | M14: C_RLDRSW === On | Q14: - | U14: LFSearching_Off | Y14: On | Z14: On | AA14: OK
B15: WPC(SW)-기능-10-9 | E15: L_IGN1_IN = On | I15: C_SMKOption == Off | M15: C_RLDRSW === On | Q15: C_RRDRSW === On | U15: LFSearching_Off | Y15: On | Z15: On | AA15: OK
B16: WPC(SW)-기능-10-10 | E16: L_IGN1_IN = On | I16: C_SMKOption == Off | M16: C_RRDRSW === On | Q16: - | U16: LFSearching_Off | Y16: On | Z16: On | AA16: OK
B17: WPC(SW)-기능-9-1 | E17: L_IGN1_IN = On | I17: C_SMKOption == Off | M17: C_LFSearchingOn == On | Q17: - | U17: LFSearching_Off | Y17: On | Z17: On | AA17: OK
B18: WPC(SW)-기능-9-2 | E18: L_IGN1_IN = On | I18: C_SMKOption == Off | M18: C_DrvDRSW === On | Q18: C_LFSearchingOn == On | U18: LFSearching_Off | Y18: On | Z18: On | AA18: OK
B19: WPC(SW)-기능-9-3 | E19: L_IGN1_IN = On | I19: C_SMKOption == Off | M19: C_AstDRSW === On | Q19: C_LFSearchingOn == On | U19: LFSearching_Off | Y19: On | Z19: On | AA19: OK
B20: WPC(SW)-기능-9-4 | E20: L_IGN1_IN = On | I20: C_SMKOption == Off | M20: C_RLDRSW === On | Q20: C_LFSearchingOn == On | U20: LFSearching_Off | Y20: On | Z20: On | AA20: OK
B21: WPC(SW)-기능-9-5 | E21: L_IGN1_IN = On | I21: C_SMKOption == Off | M21: C_RRDRSW === On | Q21: C_LFSearchingOn == On | U21: LFSearching_Off | Y21: On | Z21: On | AA21: OK
B22: WPC(SW)-기능-10-11 | E22: C_SMKOption == On | I22: C_DrvDRSW === On | M22: L_IGN1_IN = On | Q22: - | U22: LFSearching_On | Y22: Off | Z22: Off | AA22: OK
B23: WPC(SW)-기능-10-12 | E23: L_IGN1_IN = On | I23: C_SMKOption == On | M23: C_DrvDRSW === On | Q23: - | U23: LFSearching_On | Y23: Off | Z23: Off | AA23: OK
B24: WPC(SW)-기능-10-13 | E24: 윗 case | I24: B+ 리셋 | M24: - | Q24: - | U24: LFSearching_On | Y24: Off | Z24: Off | AA24: OK
... B57: WPC(SW)-기능-10-24 | E57: L_IGN1_IN = On | I57: C_SMKOption == On | M57: C_LFSearchingOn == On | Q57: C_SMKOption == Off | U57: 즉시 LFSearching_On = Off | Y57: Off -> On | Z57: Off -> On | AA57: OK
B58: WPC(SW)-기능-10-25 | E58: L_IGN1_IN = On | I58: C_SMKOption == On | M58: C_DrvDRSW === On | Q58: WPCStatus = NFC_Mode | U58: 즉시 LFSearching_On = Off | Y58: Off | Z58: Off | AA58: OK | AB58: NFC 사양
B59: WPC(SW)-기능-10-26 | E59: L_IGN1_IN = On | I59: C_SMKOption == On | M59: C_AstDRSW === On | Q59: WPCStatus = NFC_Mode | U59: 즉시 LFSearching_On = Off | Y59: Off | Z59: Off | AA59: OK | AB59: NFC 사양
B60: WPC(SW)-기능-10-27 | E60: L_IGN1_IN = On | I60: C_SMKOption == On | M60: C_RLDRSW === On | Q60: WPCStatus = NFC_Mode | U60: 즉시 LFSearching_On = Off | Y60: Off | Z60: Off | AA60: OK | AB60: NFC 사양
B61: WPC(SW)-기능-10-28 | E61: L_IGN1_IN = On | I61: C_SMKOption == On | M61: C_RRDRSW === On | Q61: WPCStatus = NFC_Mode | U61: 즉시 LFSearching_On = Off | Y61: Off | Z61: Off | AA61: OK | AB61: NFC 사양
B62: WPC(SW)-기능-10-29 | E62: L_IGN1_IN = On | I62: C_SMKOption == On | M62: C_LFSearchingOn == On | Q62: WPCStatus = NFC_Mode | U62: 즉시 LFSearching_On = Off | Y62: Off | Z62: Off | AA62: OK | AB62: NFC 사양
B63: WPC(SW)-기능-10-30 | E63: L_IGN1_IN = On | I63: C_SMKOption == On | M63: C_DrvDRSW === On | Q63: WPCStatus = Off_Mode | U63: 즉시 LFSearching_On = Off | Y63: Off | Z63: Off | AA63: OK
B64: WPC(SW)-기능-10-31 | E64: L_IGN1_IN = On | I64: C_SMKOption == On | M64: C_AstDRSW === On | Q64: WPCStatus = Off_Mode | U64: 즉시 LFSearching_On = Off | Y64: Off | Z64: Off | AA64: OK
B65: WPC(SW)-기능-10-32 | E65: L_IGN1_IN = On | I65: C_SMKOption == On | M65: C_RLDRSW === On | Q65: WPCStatus = Off_Mode | U65: 즉시 LFSearching_On = Off | Y65: Off | Z65: Off | AA65: OK
B66: WPC(SW)-기능-10-33 | E66: L_IGN1_IN = On | I66: C_SMKOption == On | M66: C_RRDRSW === On | Q66: WPCStatus = Off_Mode | U66: 즉시 LFSearching_On = Off | Y66: Off | Z66: Off | AA66: OK
B67: WPC(SW)-기능-10-34 | E67: L_IGN1_IN = On | I67: C_SMKOption == On | M67: C_LFSearchingOn == On | Q67: WPCStatus = Off_Mode | U67: 즉시 LFSearching_On = Off | Y67: Off | Z67: Off | AA67: OK
B68: WPC(SW)-기능-10-35 | C68: 휴대폰 거치 SBCM 적용 | E68: L_IGN1_IN = On | I68: C_SMKOption == Off && Lathch_TypeOption_DRV = ON | M68: C_DrvDRSW_SBCM == On | Q68: - | U68: LFSearching_Off | Y68: On | Z68: On | AA68: OK
B69: WPC(SW)-기능-10-36 | E69: L_IGN1_IN = On | I69: C_SMKOption == Off && Lathch_TypeOption_DRV = ON | M69: C_DrvDRSW_SBCM == On | Q69: C_AstDRSW_SBCM === On | U69: LFSearching_Off | Y69: On | Z69: On | AA69: OK
B70: WPC(SW)-기능-10-37 | E70: L_IGN1_IN = On | I70: C_SMKOption == Off && Lathch_TypeOption_DRV = ON | M70: C_DrvDRSW_SBCM == On | Q70: C_RLDRSW_SBCM == On | U70: LFSearching_Off | Y70: On | Z70: On | AA70: OK
B71: WPC(SW)-기능-10-38 | E71: L_IGN1_IN = On | I71: C_SMKOption == Off && Lathch_TypeOption_DRV = ON | M71: C_DrvDRSW_SBCM == On | Q71: C_RRDRSW_SBCM== On | U71: LFSearching_Off | Y71: On | Z71: On | AA71: OK
B72: WPC(SW)-기능-10-39 | E72: L_IGN1_IN = On | I72: C_SMKOption == Off && Lathch_TypeOption_DRV = ON | M72: C_AstDRSW_SBCM === On | Q72: - | U72: LFSearching_Off | Y72: On | Z72: On | AA72: OK
B73: WPC(SW)-기능-10-40 | E73: L_IGN1_IN = On | I73: C_SMKOption == Off && Lathch_TypeOption_DRV = ON | M73: C_AstDRSW_SBCM === On | Q73: C_RLDRSW_SBCM == On | U73: LFSearching_Off | Y73: On | Z73: On | AA73: OK
B74: WPC(SW)-기능-10-41 | E74: L_IGN1_IN = On | I74: C_SMKOption == Off && Lathch_TypeOption_DRV = ON | M74: C_AstDRSW_SBCM === On | Q74: C_RRDRSW_SBCM== On | U74: LFSearching_Off | Y74: On | Z74: On | AA74: OK
B75: WPC(SW)-기능-10-42 | E75: L_IGN1_IN = On | I75: C_SMKOption == Off && Lathch_TypeOption_DRV = ON | M75: C_RLDRSW_SBCM == On | Q75: - | U75: LFSearching_Off | Y75: On | Z75: On | AA75: OK
B76: WPC(SW)-기능-10-43 | E76: L_IGN1_IN = On | I76: C_SMKOption == Off && Lathch_TypeOption_DRV = ON | M76: C_RLDRSW_SBCM == On | Q76: C_RRDRSW_SBCM== On | U76: LFSearching_Off | Y76: On | Z76: On | AA76: OK
B77: WPC(SW)-기능-10-44 | E77: L_IGN1_IN = On | I77: C_SMKOption == Off && Lathch_TypeOption_DRV = ON | M77: C_RRDRSW_SBCM== On | Q77: - | U77: LFSearching_Off | Y77: On | Z77: On | AA77: OK
B78: WPC(SW)-기능-10-45 | E78: L_IGN1_IN = On | I78: C_SMKOption == Off && Lathch_TypeOption_DRV = ON | M78: C_LFSearchingOn == On | Q78: - | U78: LFSearching_Off | Y78: On | Z78: On | AA78: OK
B79: WPC(SW)-기능-10-46 | E79: L_IGN1_IN = On | I79: C_SMKOption == Off && Lathch_TypeOption_DRV = ON | M79: C_DrvDRSW_SBCM == On | Q79: C_LFSearchingOn == On | U79: LFSearching_Off | Y79: On | Z79: On | AA79: OK
B80: WPC(SW)-기능-10-47 | E80: L_IGN1_IN = On | I80: C_SMKOption == Off && Lathch_TypeOption_DRV = ON | M80: C_AstDRSW_SBCM === On | Q80: C_LFSearchingOn == On | U80: LFSearching_Off | Y80: On | Z80: On | AA80: OK
... B118: WPC(SW)-기능-11-30 | E118: L_IGN1_IN = On | I118: C_SMKOption == ON && Lathch_TypeOption_DRV = ON | M118: C_LFSearchingOn == On | Q118: C_SMKOption == Off | U118: 즉시 LFSearching_On = Off | Y118: Off -> On | Z118: Off -> On | AA118: OK
B119: WPC(SW)-기능-11-31 | E119: L_IGN1_IN = On | I119: C_SMKOption == ON && Lathch_TypeOption_DRV = ON | M119: C_DrvDRSW_SBCM == On | Q119: WPCStatus = NFC_Mode | U119: 즉시 LFSearching_On = Off | Y119: Off | Z119: Off | AA119: OK | AB119: NFC 사양
B120: WPC(SW)-기능-11-32 | E120: L_IGN1_IN = On | I120: C_SMKOption == ON && Lathch_TypeOption_DRV = ON | M120: C_AstDRSW_SBCM === On | Q120: WPCStatus = NFC_Mode | U120: 즉시 LFSearching_On = Off | Y120: Off | Z120: Off | AA120: OK | AB120: NFC 사양
B121: WPC(SW)-기능-11-33 | E121: L_IGN1_IN = On | I121: C_SMKOption == ON && Lathch_TypeOption_DRV = ON | M121: C_RLDRSW_SBCM === On | Q121: WPCStatus = NFC_Mode | U121: 즉시 LFSearching_On = Off | Y121: Off | Z121: Off | AA121: OK | AB121: NFC 사양
B122: WPC(SW)-기능-11-34 | E122: L_IGN1_IN = On | I122: C_SMKOption == ON && Lathch_TypeOption_DRV = ON | M122: C_RRDRSW_SBCM === On | Q122: WPCStatus = NFC_Mode | U122: 즉시 LFSearching_On = Off | Y122: Off | Z122: Off | AA122: OK | AB122: NFC 사양
B123: WPC(SW)-기능-11-35 | E123: L_IGN1_IN = On | I123: C_SMKOption == ON && Lathch_TypeOption_DRV = ON | M123: C_LFSearchingOn == On | Q123: WPCStatus = NFC_Mode | U123: 즉시 LFSearching_On = Off | Y123: Off | Z123: Off | AA123: OK | AB123: NFC 사양
B124: WPC(SW)-기능-11-36 | E124: L_IGN1_IN = On | I124: C_SMKOption == ON && Lathch_TypeOption_DRV = ON | M124: C_DrvDRSW_SBCM == On | Q124: WPCStatus = Off_Mode | U124: 즉시 LFSearching_On = Off | Y124: Off | Z124: Off | AA124: OK
B125: WPC(SW)-기능-11-37 | E125: L_IGN1_IN = On | I125: C_SMKOption == ON && Lathch_TypeOption_DRV = ON | M125: C_AstDRSW_SBCM === On | Q125: WPCStatus = Off_Mode | U125: 즉시 LFSearching_On = Off | Y125: Off | Z125: Off | AA125: OK
B126: WPC(SW)-기능-11-38 | E126: L_IGN1_IN = On | I126: C_SMKOption == ON && Lathch_TypeOption_DRV = ON | M126: C_RLDRSW_SBCM === On | Q126: WPCStatus = Off_Mode | U126: 즉시 LFSearching_On = Off | Y126: Off | Z126: Off | AA126: OK
B127: WPC(SW)-기능-11-39 | E127: L_IGN1_IN = On | I127: C_SMKOption == ON && Lathch_TypeOption_DRV = ON | M127: C_RRDRSW_SBCM === On | Q127: WPCStatus = Off_Mode | U127: 즉시 LFSearching_On = Off | Y127: Off | Z127: Off | AA127: OK
B128: WPC(SW)-기능-11-40 | E128: L_IGN1_IN = On | I128: C_SMKOption == ON && Lathch_TypeOption_DRV = ON | M128: C_LFSearchingOn == On | Q128: WPCStatus = Off_Mode | U128: 즉시 LFSearching_On = Off | Y128: Off | Z128: Off | AA128: OK

Sheet Over Current Detecting
B2: WPC Over Current Detecting Control Function
B4: WPC(SW)기능-12
B5: No | C5: 구분 | E5: x | I5: 평가조건1 | M5: 평가조건2 | Q5: 사양 결과 | U5: 충전상태 | V5: LED | W5: 결과 | X5: 비고
AB6: 항목 수
B7: WPC(SW)기능-12-1 | C7: IGN ON | E7: b_WPCStatus = WPCMode | I7: 전류 4.5A 미만 | M7: - | Q7: b_CurrentFault = Off | U7: On | V7: On | W7: OK | AA7: 총 | AB7: =SUM(AB8:AB9) -> 7
B8: WPC(SW)기능-12-2 | E8: b_WPCStatus = WPCMode | I8: 전류 4.5A 이상 | M8: 150ms 미만 | Q8: b_CurrentFault = Off | U8: On | V8: On | W8: OK | AA8: OK | AB8: =COUNTIF(W:W,"OK") -> 7
B9: WPC(SW)기능-12-3 | E9: b_WPCStatus = WPCMode | I9: 전류 4.5A 이상 | M9: 150ms 이상 | Q9: b_CurrentFault = On | U9: Off | V9: Off | W9: OK | AA9: NG | AB9: =COUNTIF(W:W,"NG") -> 0
B11: WPC(SW)기능-13
B12: No | C12: 구분 | E12: x | I12: 평가조건1 | M12: 평가조건2 | Q12: 사양 결과 | U12: 충전상태 | V12: LED | W12: 결과 | X12: 비고
B14: WPC(SW)기능-13-1 | C14: IGN ON | E14: WPC(SW)기능-12-3 case | I14: 5초마다 과전류 모니터링 | M14: 과전류 10회 미만 | Q14: b_CurrentFault = Off | U14: On | V14: On | W14: OK
B15: WPC(SW)기능-13-2 | E15: WPC(SW)기능-12-3 case | I15: 5초마다 과전류 모니터링 | M15: 과전류 10회 이상 | Q15: b_CurrentFault = On | U15: Off | V15: Off | W15: OK
B17: WPC(SW)기능-14
B18: No | C18: 구분 | E18: x | I18: 평가조건1 | M18: 평가조건2 | Q18: 사양 결과 | U18: 충전상태 | V18: LED | W18: 결과 | X18: 비고
B20: WPC(SW)기능-14-1 | C20: IGN ON | E20: WPC(SW)기능-13-2 | I20: B+리셋 | M20: - | Q20: b_CurrentFault = Off | U20: On | V20: On | W20: OK
B21: WPC(SW)기능-14-2 | E21: WPC(SW)기능-13-2 | I21: b_WPCStatus != WPCMode | M21: - | Q21: b_CurrentFault = Off | U21: On | V21: On | W21: OK
AA24: N/A

Sheet Over Voltage & Under Voltage
B2: Over Voltage & Under Voltage
B4: WPC(SW)-동작성능-6
B5: No | C5: 구분 | E5: 초기 조건 | I5: 평가조건1 | M5: 평가조건2 | Q5: 사양 결과 | U5: 충전상태 | V5: LED | W5: 결과 | X5: 비고
B7: WPC(SW)-동작성능-6-1 | C7: 고속 무선충전 | E7: 9.0V 미만 | I7: - | M7: - | Q7: 충전 미진입 | U7: Off | V7: Off | W7: OK | AB7: 항목 수
B8: WPC(SW)-동작성능-6-2 | E8: 9.0V 미만 | I8: 9.0V 이상 | M8: - | Q8: 충전 진입 | U8: On | V8: On | W8: OK | AA8: 총 | AB8: =SUM(AB9:AB11) -> 46
B9: WPC(SW)-동작성능-6-3 | E9: 9.0V 미만 | I9: 9.0V 이상 | M9: 16.5V 이상 | Q9: 충전 중단 | U9: On -> Off | V9: On -> Off | W9: OK | AA9: OK | AB9: =COUNTIF(U7:W44,"OK") -> 46
B10: WPC(SW)-동작성능-6-4 | E10: 16.0V 초과 | I10: - | M10: - | Q10: 충전 미진입 | U10: Off | V10: Off | W10: OK | AA10: NG | AB10: =COUNTIF(U7:W44,"NG") -> 0
B11: WPC(SW)-동작성능-6-5 | E11: 16.0V 초과 | I11: 16.0V 이하 | M11: - | Q11: 충전 진입 | U11: On | V11: On | W11: OK | AA11: N/A | AB11: =COUNTIF(U7:W44,"N/A") -> 0
B12: WPC(SW)-동작성능-6-6 | E12: 16.0V 초과 | I12: 16.0V 이하 | M12: 8.5V 이하 | Q12: 충전 중단 | U12: On -> Off | V12: On -> Off | W12: OK
B14: No | C14: 구분 | E14: 초기 조건 | I14: 평가조건1 | M14: 평가조건2 | Q14: 사양 결과 | U14: 충전상태 | V14: LED | W14: 결과
B16: WPC(SW)-동작성능-6-7 | C16: 일반 무선충전 | E16: 9.0V 미만 | I16: - | M16: - | Q16: 충전 미진입 | U16: Off | V16: Off | W16: OK
B17: WPC(SW)-동작성능-6-8 | E17: 9.0V 미만 | I17: 9.0V 이상 | M17: - | Q17: 충전 진입 | U17: On | V17: On | W17: OK
B18: WPC(SW)-동작성능-6-9 | E18: 9.0V 미만 | I18: 9.0V 이상 | M18: 16.5V 이상 | Q18: 충전 중단 | U18: On -> Off | V18: On -> Off | W18: OK
B19: WPC(SW)-동작성능-6-10 | E19: 16.0V 초과 | I19: - | M19: - | Q19: 충전 미진입 | U19: Off | V19: Off | W19: OK
B20: WPC(SW)-동작성능-6-11 | E20: 16.0V 초과 | I20: 16.0V 이하 | M20: - | Q20: 충전 진입 | U20: On | V20: On | W20: OK
B21: WPC(SW)-동작성능-6-12 | E21: 16.0V 초과 | I21: 16.0V 이하 | M21: 8.5V 이하 | Q21: 충전 중단 | U21: On -> Off | V21: On -> Off | W21: OK
B23: No | C23: 구분 | E23: 초기 조건 | I23: 사양 결과 | M23: 충전상태 | Q23: LED | U23: EPP 휴대폰 | X23: 비고
U24: 휴대폰 1 | V24: 휴대폰 2 | W24: 휴대폰 3
B25: 1 | C25: 2T (높이) | E25: 12V | I25: 충전 진입 | M25: On | Q25: On | U25: OK | V25: OK | W25: OK | X25: 케이스 미 장착 시 4T | AA25: 16V 까지 FOD 진입 없이 정상 충전되야함
B26: 2 | E26: 13V | I26: 충전 진입 | M26: On | Q26: On | U26: OK | V26: OK | W26: OK
B27: 3 | E27: 14V | I27: 충전 진입 | M27: On | Q27: On | U27: OK | V27: OK | W27: OK
B28: 4 | E28: 15V | I28: 충전 진입 | M28: On | Q28: On | U28: OK | V28: OK | W28: OK
B29: 5 | E29: 16V | I29: 충전 진입 | M29: On | Q29: On | U29: OK | V29: OK | W29: OK
B30: 1 | C30: 4T (높이) | E30: 12V | I30: 충전 진입 | M30: On | Q30: On | U30: OK | V30: OK | W30: OK | X30: 케이스 미 장착 시 6T
B31: 2 | E31: 13V | I31: 충전 진입 | M31: On | Q31: On | U31: OK | V31: OK | W31: OK
B32: 3 | E32: 14V | I32: 충전 진입 | M32: On | Q32: On | U32: OK | V32: OK | W32: OK
B33: 4 | E33: 15V | I33: 충전 진입 | M33: On | Q33: On | U33: OK | V33: OK | W33: OK
B34: 5 | E34: 16V | I34: 충전 진입 | M34: On | Q34: On | U34: OK | V34: OK | W34: OK
B36: No | C36: 구분 | E36: 초기 조건 | I36: 평가조건1 | M36: 평가조건2 | Q36: 사양 결과 | U36: 충전상태 | V36: LED | W36: 결과
B38: WPC(SW)-동작성능-6-13 | C38: 휴대폰 충전 W | E38: 12V | I38: 휴대폰 거치(갤럭시) | M38: 충전 120s 후 | Q38: 15W 이상 충전 될 것 | U38: On | V38: On | W38: OK
B39: WPC(SW)-동작성능-6-14 | E39: 12V | I39: 휴대폰 거치(아이폰) | M39: 충전 120s 후 | Q39: 7.5W 이상 충전 될 것 | U39: On | V39: On | W39: OK
B41: No | C41: 구분 | E41: 초기 조건 | I41: 평가조건1 | M41: 평가조건2 | Q41: 사양 결과 | U41: 충전상태 | V41: LED | W41: 결과
B43: WPC(SW)-동작성능-6-15 | C43: 비정상 거치 | E43: 12V | I43: 휴대폰 비 정상 거치(갤럭시) | M43: 휴대폰 정상 거치(갤럭시) | Q43: 즉시 충전 될 것 | U43: On | V43: On | W43: OK
B44: WPC(SW)-동작성능-6-16 | E44: 12V | I44: 휴대폰 비 정상 거치(아이폰) | M44: 휴대폰 정상 거치(아이폰) | Q44: 즉시 충전 될 것 | U44: On | V44: On | W44: OK
B46: WPC(SW)-기능-7
A47: ` | B47: No | C47: 구분 | E47: 초기 조건 | I47: 평가조건1 | M47: 평가조건2 | Q47: 사양 결과 | U47: 충전상태 | V47: LED | W47: 결과
B49: WPC(SW)-기능-7-1 | C49: 충전 상태 | E49: 12V | I49: 휴대폰 정상 거치(갤럭시 미완충) | Q49: 즉시 충전 될 것 | U49: On | V49: Amber | W49: OK
B50: WPC(SW)-기능-7-2 | E50: 12V | I50: 휴대폰 정상 거치(갤럭시 완 충) | Q50: 즉시 충전 될 것 | U50: On | V50: Green | W50: OK
B51: WPC(SW)-기능-7-3 | E51: 12V | I51: 휴대폰 정상 거치(아이폰 완 충) | Q51: 즉시 충전 될 것 | U51: On | V51: Amber | W51: OK
B53: NO | C53: MESSAGE | I53: 저전압 | Q53: 고전압 | Y53: 결과 | Z53: 비고
I54: Start->Stop | M54: Stop ->Start | Q54: Start->Stop | U54: Stop ->Start
I55: 스펙 | K55: 측정값 | M55: 스펙 | O55: 측정값 | Q55: 스펙 | S55: 측정값 | U55: 스펙 | W55: 측정값
A56: WPC-기능-003 | B56: WPC(SW)-동작성능-8-1 | C56: B+,IGN ON 상태 CAN 통신전압 | I56: 6.8V 이하 | M56: 7.0V 이상 | Q56: 18.2V 이상 | U56: 18.0V 이하 | Y56: OK
A57: WPC-기능-003 | B57: WPC(SW)-동작성능-8-2 | C57: B+,IGN OFF 상태 CAN 통신전압 Stop 시 1분 대기 | I57: 6.8V 이하 | M57: 7.0V 이상 | Q57: 18.2V 이상 | U57: 18.0V 이하 | Y57: OK | Z57: 빈페스트 문제점
A58: WPC-기능-003 | B58: WPC(SW)-동작성능-8-3 | C58: IGN1 On/Off 판단 전압 | I58: 4.0V 이하 | M58: 7.0V 이상 | Q58: - | S58: - | U58: - | Y58: OK
B60: No. | C60: 평가내용 | Y60: 결과 | Z60: 비고
C61: Input | Q61: Output
A62: WPC-기능-003 | B62: 1 | C62: B+ 12V상태 -> 4V 이하 하강 -> 7V 상승 -> 4V 이하 하강 -> 7V 상승 -> 4V 이하 하강 -> 7V 상승 -> 4V 이하 하강 -> 12V 상승 | Q62: 정상전압 복귀 후 CAN 데이터 값 정상 출력 확인 및 기능 동작 확인 | Y62: OK
A63: WPC-기능-003 | B63: 2 | C63: B+ 12V상태 -> 3V 이하 하강 -> 7V 상승 -> 3V 이하 하강 -> 7V 상승 -> 3V 이하 하강 -> 7V 상승 -> 3V 이하 하강 -> 12V 상승 | Q63: 정상전압 복귀 후 CAN 데이터 값 정상 출력 확인 및 기능 동작 확인 | Y63: OK
A64: WPC-기능-003 | B64: 3 | C64: B+ 12V상태 -> 2V 이하 하강 -> 7V 상승 -> 2V 이하 하강 -> 7V 상승 -> 2V 이하 하강 -> 7V 상승 -> 2V 이하 하강 -> 12V 상승 | Q64: 정상전압 복귀 후 CAN 데이터 값 정상 출력 확인 및 기능 동작 확인 | Y64: OK
A65: WPC-기능-003 | B65: 4 | C65: B+ 12V상태 -> 1V 이하 하강 -> 7V 상승 -> 1V 이하 하강 -> 7V 상승 -> 1V 이하 하강 -> 7V 상승 -> 1V 이하 하강 -> 12V 상승 | Q65: 정상전압 복귀 후 CAN 데이터 값 정상 출력 확인 및 기능 동작 확인 | Y65: OK
A66: WPC-기능-003 | B66: 18 | C66: 0.1V씩 2초 주기로 12V까지 상승 후 휴대폰 거치 | Q66: 충전 및 인디케이터 정상 동작 할 것 | Y66: OK

Sheet WPC Leaving Phone
B2: WPC Leaving Phone Control Function
B4: WPC(SW)-기능-6,WPC(SW)-기능-8
B5: No | C5: 구분 | E5: 초기 조건 | I5: 평가조건1 | M5: 평가조건2 | Q5: 평가조건3 | U5: 평가조건4 | Y5: 사양 결과 | AC5: 결과 | AD5: 비고
AL6: 항목 수
B7: WPC(SW)-기능-6-1 | C7: b_WPCSW Option == On | E7: L_IGN1_IN = On | I7: 휴대폰 거치 | M7: L_IGN1_IN = Off | Q7: - | U7: - | Y7: 1000ms 이내 C_WPCWarning 0x01 송신 | AC7: N/A | AD7: 측정값 : 750ms | AG7: RG3는 Non-SMK사양 없음 | AK7: 총 | AL7: =SUM(AL8:AL10) -> 156
B8: WPC(SW)-기능-6-2 | E8: 휴대폰 미거치 | I8: L_IGN1_IN = On | M8: L_IGN1_IN = Off | Q8: - | U8: - | Y8: 동작없음 | AC8: N/A | AK8: OK | AL8: =COUNTIF(AC$2:AC$1048576,"OK") -> 32
B9: WPC(SW)-기능-6-3 | E9: L_IGN1_IN = On | I9: 미완충 휴대폰 거치 (Signal Strength 송신) | M9: L_IGN1_IN = Off | Q9: - | U9: - | Y9: Cellphone On The Pad 1분 송신 후 Cellphone Reminder 500ms 송신 | AC9: N/A | AD9: 삼성, LG 휴대폰 | AK9: NG | AL9: =COUNTIF(AC$2:AC$1048576,"NG") -> 0
B10: WPC(SW)-기능-6-4 | E10: 윗 case | I10: 방치알림 60s 송신 후 | M10: - | Q10: - | U10: - | Y10: NM Message Sleep IND | AC10: N/A | AG10: 원 코일 - LPCD 천이 후 Sleep 진입 | AK10: N/A | AL10: =COUNTIF(AC$2:AC$1048576,"N/A") -> 124
B11: WPC(SW)-기능-6-5 | E11: 윗 case | I11: Any Door Open | M11: - | Q11: - | U11: - | Y11: 동작없음 | AC11: N/A | AG11: 원 코일 - 운전석 도어 오픈 시 LPCD Mode 동작 됨
B12: WPC(SW)-기능-6-6 | E12: L_IGN1_IN = On | I12: 완충 휴대폰 거치 (Signal Strength 송신) | M12: L_IGN1_IN = Off | Q12: - | U12: - | Y12: Cellphone On The Pad 1분 송신 후 Cellphone Reminder 500ms 송신 | AC12: N/A | AD12: 삼성, LG 휴대폰
B13: WPC(SW)-기능-6-7 | E13: 윗 case | I13: 방치알림 60s 송신 후 | M13: - | Q13: - | U13: - | Y13: NM Message Sleep IND | AC13: N/A | AG13: 원 코일 - LPCD 천이 후 Sleep 진입
B14: WPC(SW)-기능-6-8 | E14: 윗 case | I14: Any Door Open | M14: - | Q14: - | U14: - | Y14: 동작없음 | AC14: N/A | AG14: 원 코일 - 운전석 도어 오픈 시 LPCD Mode 동작 됨
B15: WPC(SW)-기능-6-9 | E15: L_IGN1_IN = On | I15: 완충 휴대폰 거치 | M15: L_IGN1_IN = Off | Q15: - | U15: - | Y15: Cellphone On The Pad 1분 송신 후 Cellphone Reminder 500ms 송신 | AC15: N/A | AD15: 아이폰
B16: WPC(SW)-기능-6-10 | E16: 윗 case | I16: 방치알림 60s 송신 후 | M16: - | Q16: - | U16: - | Y16: NM Message Sleep IND | AC16: N/A | AG16: 원 코일 - LPCD 천이 후 Sleep 진입
B17: WPC(SW)-기능-6-11 | E17: 윗 case | I17: Any Door Open | M17: - | Q17: - | U17: - | Y17: 동작없음 | AC17: N/A | AG17: 원 코일 - 운전석 도어 오픈 시 LPCD Mode 동작 됨
B18: WPC(SW)-기능-6-12 | E18: L_IGN1_IN = Off | I18: 휴대폰 거치 | M18: L_IGN1_IN = On | Q18: L_IGN1_IN = Off | U18: - | Y18: Cellphone On The Pad 1분 송신 후 Cellphone Reminder 500ms 송신 | AC18: N/A
B19: WPC(SW)-기능-6-13 | E19: 윗 case | I19: 방치알림 60s 송신 후 | M19: - | Q19: - | U19: - | Y19: NM Message Sleep IND | AC19: N/A | AG19: 원 코일 - LPCD 천이 후 Sleep 진입
B20: WPC(SW)-기능-6-14 | E20: 윗 case | I20: Any Door Open | M20: - | Q20: - | U20: - | Y20: 동작없음 | AC20: N/A | AG20: 원 코일 - 운전석 도어 오픈 시 LPCD Mode 동작 됨
B21: WPC(SW)-기능-6-15 | E21: L_IGN1_IN = On | I21: L_IGN1_IN = Off 동시에 휴대폰 거치 | M21: - | Q21: - | U21: - | Y21: Cellphone On The Pad 1분 송신 후 Cellphone Reminder 500ms 송신 | AC21: N/A
B22: WPC(SW)-기능-6-16 | E22: L_IGN1_IN = On | I22: 휴대폰 거치 & C_SMKOption == On && (Latch_TypeOption_DRV= ON SBCM 사양시) | M22: L_IGN1_IN = Off 동시에 Drv 도어 오픈 | Q22: - | U22: - | Y22: Cellphone On The Pad 1분 송신 | AC22: N/A
B23: WPC(SW)-기능-6-17 | E23: L_IGN1_IN = On | I23: 휴대폰 거치 & C_SMKOption == On && (Latch_TypeOption_DRV= ON SBCM 사양시) | M23: L_IGN1_IN = Off 동시에 Drv 도어 오픈 | Q23: - | U23: - | Y23: Cellphone On The Pad 6s 송신 | AC23: N/A
B24: WPC(SW)-기능-6-18 | E24: L_IGN1_IN = On | I24: 휴대폰 거치 & C_SMKOption == On && (Latch_TypeOption_DRV= ON SBCM 사양시) | M24: L_IGN1_IN = Off 동시에 Ast 도어 오픈 | Q24: - | U24: - | Y24: Cellphone On The Pad 1분 송신 | AC24: N/A
B25: WPC(SW)-기능-6-19 | E25: L_IGN1_IN = On | I25: 휴대폰 거치 & C_SMKOption == On && (Latch_TypeOption_DRV= ON SBCM 사양시) | M25: L_IGN1_IN = Off 동시에 FR 도어 오픈 | Q25: - | U25: - | Y25: Cellphone On The Pad 1분 송신 | AC25: N/A
B26: WPC(SW)-기능-6-20 | E26: L_IGN1_IN = On | I26: 휴대폰 거치 & C_SMKOption == On && (Latch_TypeOption_DRV= ON SBCM 사양시) | M26: L_IGN1_IN = Off 동시에 RR 도어 오픈 | Q26: - | U26: - | Y26: Cellphone On The Pad 1분 송신 | AC26: N/A
B27: WPC(SW)-기능-6-21 | E27: L_IGN1_IN = On | I27: 휴대폰 거치 & C_SMKOption == On && (Latch_TypeOption_DRV= ON SBCM 사양시) | M27: L_IGN1_IN = Off | Q27: C_DrvDRSW == ON or C_DrvDRSW_SBCM == ON | U27: - | Y27: Cellphone On The Pad 1분 송신 | AC27: N/A | AG27: 원코일 - 드라이보 ON/CLOSE 시 LPCD Mode 동작하여 Cellphone On The Pad 1분 송신 미적용
B28: WPC(SW)-기능-6-22 | E28: L_IGN1_IN = On | I28: 휴대폰 거치 & C_SMKOption == On && (Latch_TypeOption_DRV= ON SBCM 사양시) | M28: L_IGN1_IN = Off | Q28: C_DrvDRSW == ON or C_DrvDRSW_SBCM == ON | U28: - | Y28: Cellphone On The Pad 출력 | AC28: N/A
B29: WPC(SW)-기능-6-23 | E29: L_IGN1_IN = On | I29: 휴대폰 거치 & C_SMKOption == On && (Latch_TypeOption_DRV= ON SBCM 사양시) | M29: L_IGN1_IN = Off 동시에 Ast 도어 오픈 | Q29: - | U29: - | Y29: Cellphone On The Pad 6s 송신 | AC29: N/A
B30: WPC(SW)-기능-6-24 | E30: L_IGN1_IN = On | I30: 휴대폰 거치 & C_SMKOption == On && (Latch_TypeOption_DRV= ON SBCM 사양시) | M30: C_DrvDRSW == ON or C_DrvDRSW_SBCM == ON | Q30: L_IGN1_IN = Off | U30: - | Y30: Cellphone On The Pad 1분 송신 | AC30: N/A
B31: WPC(SW)-기능-6-25 | E31: L_IGN1_IN = On | I31: 휴대폰 거치 & C_SMKOption == On && (Latch_TypeOption_DRV= ON SBCM 사양시) | M31: C_DrvDRSW == ON or C_DrvDRSW_SBCM == ON | Q31: L_IGN1_IN = Off | U31: - | Y31: Cellphone On The Pad 6s 송신 | AC31: N/A
B32: WPC(SW)-기능-6-26 | E32: L_IGN1_IN = Off | I32: 휴대폰 거치 & C_SMKOption == On && (Latch_TypeOption_DRV= ON SBCM 사양시) | M32: C_DrvDRSW == ON or C_DrvDRSW_SBCM == ON | Q32: L_IGN1_IN = On | U32: L_IGN1_IN = Off | Y32: Cellphone On The Pad 1분 송신 | AC32: N/A
B33: WPC(SW)-기능-6-27 | E33: L_IGN1_IN = Off | I33: 휴대폰 거치 & C_SMKOption == On && (Latch_TypeOption_DRV= ON SBCM 사양시) | M33: C_DrvDRSW == ON or C_DrvDRSW_SBCM == ON | Q33: L_IGN1_IN = On | U33: L_IGN1_IN = Off | Y33: Cellphone On The Pad 출력 | AC33: N/A | AD33: LPCD 사양
B34: WPC(SW)-기능-6-28 | E34: L_IGN1_IN = On | I34: 휴대폰 거치 & C_SMKOption == On && (Latch_TypeOption_DRV= ON SBCM 사양시) | M34: L_IGN1_IN = Off | Q34: C_AstDRSW == ON or C_AstDRSW_SBCM == ON | U34: - | Y34: Cellphone On The Pad 1분 송신 | AC34: N/A
B35: WPC(SW)-기능-6-29 | E35: L_IGN1_IN = Off | I35: 휴대폰 거치 & C_SMKOption == On && (Latch_TypeOption_DRV= ON SBCM 사양시) | M35: C_DrvDRSW == ON or C_DrvDRSW_SBCM == ON | Q35: L_IGN1_IN = On | U35: L_IGN1_IN = Off | Y35: Cellphone On The Pad 6s 송신 | AC35: N/A
B36: WPC(SW)-기능-6-30 | E36: L_IGN1_IN = On | I36: 휴대폰 거치 & C_SMKOption == On && (Latch_TypeOption_DRV= ON SBCM 사양시) | M36: C_AstDRSW == ON or C_AstDRSW_SBCM == ON | Q36: L_IGN1_IN = Off | U36: - | Y36: Cellphone On The Pad 1분 송신 | AC36: N/A
B37: WPC(SW)-기능-6-31 | E37: L_IGN1_IN = On | I37: 휴대폰 거치 & C_SMKOption == On && (Latch_TypeOption_DRV= ON SBCM 사양시) | M37: C_AstDRSW == ON or C_AstDRSW_SBCM == ON | Q37: L_IGN1_IN = Off | U37: - | Y37: Cellphone On The Pad 6s 송신 | AC37: N/A
B38: WPC(SW)-기능-6-32 | E38: L_IGN1_IN = Off | I38: 휴대폰 거치 & C_SMKOption == On && (Latch_TypeOption_DRV= ON SBCM 사양시) | M38: C_AstDRSW == ON or C_AstDRSW_SBCM == ON | Q38: L_IGN1_IN = On | U38: L_IGN1_IN = Off | Y38: Cellphone On The Pad 1분 송신 | AC38: N/A
B39: WPC(SW)-기능-6-33 | E39: L_IGN1_IN = On | I39: 휴대폰 거치 & C_SMKOption == On && (Latch_TypeOption_DRV= ON SBCM 사양시) | M39: L_IGN1_IN = Off | Q39: C_RLDRSW == ON or C_RLDRSW_SBCM == ON | U39: - | Y39: Cellphone On The Pad 1분 송신 후 Cellphone Reminder 500ms 송신 | AC39: N/A
B40: WPC(SW)-기능-6-34 | E40: L_IGN1_IN = On | I40: 휴대폰 거치 & C_SMKOption == On && (Latch_TypeOption_DRV= ON SBCM 사양시) | M40: C_RLDRSW == ON or C_RLDRSW_SBCM == ON | Q40: L_IGN1_IN = Off | U40: - | Y40: Cellphone On The Pad 1분 송신 후 Cellphone Reminder 500ms 송신 | AC40: N/A
B41: WPC(SW)-기능-6-35 | E41: L_IGN1_IN = Off | I41: 휴대폰 거치 & C_SMKOption == On && (Latch_TypeOption_DRV= ON SBCM 사양시) | M41: C_RLDRSW == ON or C_RLDRSW_SBCM == ON | Q41: L_IGN1_IN = On | U41: L_IGN1_IN = Off | Y41: Cellphone On The Pad 1분 송신 후 Cellphone Reminder 500ms 송신 | AC41: N/A
B42: WPC(SW)-기능-6-36 | E42: L_IGN1_IN = On | I42: 휴대폰 거치 & C_SMKOption == On && (Latch_TypeOption_DRV= ON SBCM 사양시) | M42: L_IGN1_IN = Off | Q42: C_RRDRSW == ON or C_RRDRSW_SBCM == ON | U42: - | Y42: Cellphone On The Pad 1분 송신 후 Cellphone Reminder 500ms 송신 | AC42: N/A
B43: WPC(SW)-기능-6-37 | E43: L_IGN1_IN = On | I43: 휴대폰 거치 & C_SMKOption == On && (Latch_TypeOption_DRV= ON SBCM 사양시) | M43: C_RRDRSW == ON or C_RRDRSW_SBCM == ON | Q43: L_IGN1_IN = Off | U43: - | Y43: Cellphone On The Pad 1분 송신 후 Cellphone Reminder 500ms 송신 | AC43: N/A
B44: WPC(SW)-기능-6-38 | E44: L_IGN1_IN = Off | I44: 휴대폰 거치 & C_SMKOption == On && (Latch_TypeOption_DRV= ON SBCM 사양시) | M44: C_RRDRSW == ON or C_RRDRSW_SBCM == ON | Q44: L_IGN1_IN = On | U44: L_IGN1_IN = Off | Y44: Cellphone On The Pad 1분 송신 후 Cellphone Reminder 500ms 송신 | AC44: N/A
B45: WPC(SW)-기능-6-39 | E45: L_IGN1_IN = Off | I45: 휴대폰 거치 & C_SMKOption == On && (Latch_TypeOption_DRV= ON SBCM 사양시) | M45: C_AstDRSW == ON or C_AstDRSW_SBCM == ON | Q45: L_IGN1_IN = On | U45: L_IGN1_IN = Off | Y45: Cellphone On The Pad 6s 송신 | AC45: N/A
... B62: WPC(SW)-기능-6-56 | E62: 휴대폰 거치 & C_SMKOption == On && (Latch_TypeOption_DRV= ON SBCM 사양시) | I62: C_LFSearchingOn ==ON | M62: L_IGN1_IN = On | Q62: L_IGN1_IN = Off | U62: - | Y62: Cellphone On The Pad 1분 송신 후 Cellphone Reminder 500ms 송신 | AC62: N/A
B63: WPC(SW)-기능-6-57 | E63: L_IGN1_IN = On | I63: 휴대폰 거치 | M63: Charging 충전 확인 후 L_IGN1_IN = Off | Q63: Cellphone On The Pad 출력 4초 이내 L_IGN1_IN = On | Y63: WPC Warning == off 출력 할 것 | AC63: N/A | AG63: Cellphone On The Pad 4초 안에 IGN ON 시 잠깐 Charing 충전 시 출력으로 인한 T/C 추가
B64: WPC(SW)-기능-8-1 | E64: L_IGN1_IN = On | I64: 휴대폰 거치 | M64: 고온(70도 이상) 5초 이상 유지 | Q64: Amber LED 점멸 중 | U64: L_IGN1_IN = Off | Y64: Cellphone On The Pad 1분 송신 후 Cellphone Reminder 500ms 송신 | AC64: N/A
B65: WPC(SW)-기능-8-2 | E65: L_IGN1_IN = On | I65: 휴대폰 거치 | M65: 고온(70도 이상) 5초 이상 유지 | Q65: Amber LED 점멸 후 | U65: L_IGN1_IN = Off | Y65: Cellphone On The Pad 1분 송신 후 Cellphone Reminder 500ms 송신 | AC65: N/A
B66: WPC(SW)-기능-8-3 | E66: 휴대폰 거치 | I66: 고온(70도 이상) 5초 이상 유지 | M66: L_IGN1_IN = On | Q66: Amber LED 점멸 중 | U66: L_IGN1_IN = Off | Y66: Cellphone On The Pad 1분 송신 후 Cellphone Reminder 500ms 송신 | AC66: N/A
B67: WPC(SW)-기능-8-4 | E67: 휴대폰 거치 | I67: 고온(70도 이상) 5초 이상 유지 | M67: L_IGN1_IN = On | Q67: Amber LED 점멸 후 | U67: L_IGN1_IN = Off | Y67: Cellphone On The Pad 1분 송신 후 Cellphone Reminder 500ms 송신 | AC67: N/A
B68: WPC(SW)-기능-8-5 | E68: L_IGN1_IN = On | I68: 휴대폰 거치 | M68: 온도 센서 에러 | Q68: L_IGN1_IN = Off | U68: - | Y68: Cellphone On The Pad 1분 송신 후 Cellphone Reminder 500ms 송신 | AC68: N/A
B69: WPC(SW)-기능-8-6 | E69: L_IGN1_IN = Off | I69: 휴대폰 거치 | M69: 온도 센서 에러 | Q69: L_IGN1_IN = On | U69: L_IGN1_IN = Off | Y69: Cellphone On The Pad 1분 송신 후 Cellphone Reminder 500ms 송신 | AC69: N/A
B70: WPC(SW)-기능-8-7 | E70: L_IGN1_IN = On | I70: 휴대폰 거치 & 이물질 거치 | M70: FOD 진입 | Q70: Amber LED 점멸 중 | U70: L_IGN1_IN = Off | Y70: Cellphone On The Pad 1분 송신 후 Cellphone Reminder 500ms 송신 | AC70: N/A
B71: WPC(SW)-기능-8-8 | E71: L_IGN1_IN = On | I71: 휴대폰 거치 & 이물질 거치 | M71: FOD 진입 | Q71: Amber LED 점멸 후 | U71: L_IGN1_IN = Off | Y71: Cellphone On The Pad 1분 송신 후 Cellphone Reminder 500ms 송신 | AC71: N/A
B72: WPC(SW)-기능-8-9 | E72: L_IGN1_IN = Off | I72: 휴대폰 거치 & 이물질 거치 | M72: L_IGN1_IN = On & FOD 진입 | Q72: Amber LED 점멸 중 | U72: L_IGN1_IN = Off | Y72: Cellphone On The Pad 1분 송신 후 Cellphone Reminder 500ms 송신 | AC72: N/A
B73: WPC(SW)-기능-8-10 | E73: L_IGN1_IN = Off | I73: 휴대폰 거치 & 이물질 거치 | M73: L_IGN1_IN = On & FOD 진입 | Q73: Amber LED 점멸 후 | U73: L_IGN1_IN = Off | Y73: Cellphone On The Pad 1분 송신 후 Cellphone Reminder 500ms 송신 | AC73: N/A
B75: No | C75: 구분 | E75: 초기 조건 | I75: 평가조건1 | M75: 평가조건2 | Q75: 평가조건3 | U75: 평가조건4 | Y75: 사양 결과 | AC75: 결과 | AD75: 비고
B77: WPC(SW)-기능-6-58 | C77: b_WPCSW Option == On | E77: L_IGN1_IN = On | I77: 휴대폰 거치 | M77: L_IGN1_IN = Off | Q77: 방치알림 중 L_IGN1_IN = On | U77: - | Y77: Cellphone On The Pad ON --> OFF | AC77: N/A
B78: WPC(SW)-기능-6-59 | E78: L_IGN1_IN = On | I78: 휴대폰 거치 | M78: L_IGN1_IN = Off | Q78: 방치알림 중 휴대폰 제거 | U78: - | Y78: Cellphone On The Pad ON --> OFF | AC78: N/A
B79: WPC(SW)-기능-6-60 | E79: 윗 case | I79: 휴대폰 재거치 | M79: - | Q79: - | U79: - | Y79: 동작없음 | AC79: N/A
B80: WPC(SW)-기능-6-61 | E80: L_IGN1_IN = On | I80: 휴대폰 거치 & C_SMKOption == On && (Latch_TypeOption_DRV= ON SBCM 사양시) | M80: C_DrvDRSW == ON or C_DrvDRSW_SBCM == ON | Q80: L_IGN1_IN = Off | U80: 방치알림 중 L_IGN1_IN = On | Y80: Cellphone On The Pad ON --> OFF | AC80: N/A
B81: WPC(SW)-기능-6-62 | E81: L_IGN1_IN = On | I81: 휴대폰 거치 & C_SMKOption == On && (Latch_TypeOption_DRV= ON SBCM 사양시) | M81: C_DrvDRSW == ON or C_DrvDRSW_SBCM == ON | Q81: L_IGN1_IN = Off | U81: 방치알림 중 휴대폰 제거 | Y81: Cellphone On The Pad ON --> OFF | AC81: N/A
B82: WPC(SW)-기능-6-63 | E82: 윗 case | I82: 휴대폰 재거치 | M82: - | Q82: - | U82: - | Y82: 동작없음 | AC82: N/A
B83: WPC(SW)-기능-6-64 | E83: L_IGN1_IN = On | I83: 휴대폰 거치 & C_SMKOption == On && (Latch_TypeOption_DRV= ON SBCM 사양시) | M83: C_AstDRSW == ON or C_AstDRSW_SBCM == ON | Q83: L_IGN1_IN = Off | U83: 방치알림 중 L_IGN1_IN = On | Y83: Cellphone On The Pad ON --> OFF | AC83: N/A
B84: WPC(SW)-기능-6-65 | E84: L_IGN1_IN = On | I84: 휴대폰 거치 & C_SMKOption == On && (Latch_TypeOption_DRV= ON SBCM 사양시) | M84: C_AstDRSW == ON or C_AstDRSW_SBCM == ON | Q84: L_IGN1_IN = Off | U84: 방치알림 중 휴대폰 제거 | Y84: Cellphone On The Pad ON --> OFF | AC84: N/A
B85: WPC(SW)-기능-6-66 | E85: 윗 case | I85: 휴대폰 재거치 | M85: - | Q85: - | U85: - | Y85: 동작없음 | AC85: N/A
B86: WPC(SW)-기능-6-67 | E86: L_IGN1_IN = On | I86: 휴대폰 거치 & C_SMKOption == On && (Latch_TypeOption_DRV= ON SBCM 사양시) | M86: C_RLDRSW == ON or C_RLDRSW_SBCM == ON | Q86: L_IGN1_IN = Off | U86: 방치알림 중 L_IGN1_IN = On | Y86: Cellphone On The Pad ON --> OFF | AC86: N/A
B87: WPC(SW)-기능-6-68 | E87: L_IGN1_IN = On | I87: 휴대폰 거치 & C_SMKOption == On && (Latch_TypeOption_DRV= ON SBCM 사양시) | M87: C_RLDRSW == ON or C_RLDRSW_SBCM == ON | Q87: L_IGN1_IN = Off | U87: 방치알림 중 휴대폰 제거 | Y87: Cellphone On The Pad ON --> OFF | AC87: N/A
B88: WPC(SW)-기능-6-69 | E88: 윗 case | I88: 휴대폰 재거치 | M88: - | Q88: - | U88: - | Y88: 동작없음 | AC88: N/A
B89: WPC(SW)-기능-6-70 | E89: L_IGN1_IN = On | I89: 휴대폰 거치 & C_SMKOption == On && (Latch_TypeOption_DRV= ON SBCM 사양시) | M89: C_RRDRSW == ON or C_RRDRSW_SBCM == ON | Q89: L_IGN1_IN = Off | U89: 방치알림 중 L_IGN1_IN = On | Y89: Cellphone On The Pad ON --> OFF | AC89: N/A
... B127: WPC(SW)-기능-8-28 | E127: 윗 case | I127: 휴대폰 재거치 | M127: - | Q127: - | U127: - | Y127: 동작없음 | AC127: N/A
B128: WPC(SW)-기능-6-91 | E128: L_IGN1_IN = On | I128: 휴대폰 거치 | M128: L_IGN1_IN = Off | Q128: C_DigitalKey_Enable == Enable | U128: WPC_NFC_Deselect_Cmd WPC NFC Polling (Search) | Y128: Cellphone On The Pad ON --> OFF | AC128: N/A | AD128: NFC 사양
B129: WPC(SW)-기능-6-92 | E129: L_IGN1_IN = On | I129: 휴대폰 거치 | M129: L_IGN1_IN = Off | Q129: C_DigitalKey_Enable == Enable | U129: C_WPCNFCcmd == Searching Off | Y129: Cellphone On The Pad ON | AC129: N/A | AD129: NFC 사양
B130: WPC(SW)-기능-6-93 | E130: L_IGN1_IN = On | I130: 휴대폰 거치 | M130: L_IGN1_IN = Off | Q130: C_DigitalKey_Enable == Enable | U130: C_WPCNFCcmd == Searching On(USIM) | Y130: Cellphone On The Pad ON --> OFF | AC130: N/A | AD130: NFC 사양
B131: WPC(SW)-기능-6-94 | E131: L_IGN1_IN = On | I131: 휴대폰 거치 | M131: L_IGN1_IN = Off | Q131: Cellphone On The Pad 송신 중 | U131: C_DrvDRSW == ON or C_DrvDRSW_SBCM == ON | Y131: Cellphone On The Pad ON --> OFF | AC131: N/A | AD131: Non'NFC 사양 20차 사양까지 | AG131: TSCR-2079 E-LATCH 적용 여부에 따른 도어 참조 CAN 신호 변경_r1_240517
B132: WPC(SW)-기능-6-95 | E132: L_IGN1_IN = On | I132: 휴대폰 거치 | M132: L_IGN1_IN = Off | Q132: Cellphone On The Pad 송신 중 | U132: C_DrvDRSW == ON or C_DrvDRSW_SBCM == ON | Y132: Par_PhnLeftChatteringTime == 6s 후 Cellphone On The Pad ON --> OFF | AC132: N/A | AD132: Non'NFC 사양 21차 사양부터
B133: WPC(SW)-기능-6-96 | E133: L_IGN1_IN = On | I133: 휴대폰 거치 | M133: L_IGN1_IN = Off | Q133: Cellphone On The Pad 송신 중 | U133: C_AstDRSW == ON or C_AstDRSW_SBCM == ON | Y133: Par_PhnLeftChatteringTime == 6s 후 Cellphone On The Pad ON --> OFF | AC133: N/A | AD133: Non'NFC 사양 21차 사양부터
B135: No | C135: 구분 | E135: 초기 조건 | I135: 평가조건1 | M135: 평가조건2 | Q135: 평가조건3 | U135: 평가조건4 | Y135: 사양 결과 | AC135: 결과 | AD135: 비고
B137: WPC(SW)-기능-6-97 | C137: 휴대폰 충전 중 | E137: 9.0V 미만(8.5V 히스테리스 구간) | I137: L_IGN1_IN = Off | M137: - | Q137: - | U137: - | Y137: Cellphone On The Pad OFF | AC137: OK | AD137: 7.67V
B138: WPC(SW)-기능-6-98 | E138: 9.0V 미만 | I138: 9.0V 이상 | M138: L_IGN1_IN = Off | Q138: - | U138: - | Y138: Cellphone On The Pad ON | AC138: OK | AD138: 8.18V
B139: WPC(SW)-기능-6-99 | E139: 9.0V 미만 | I139: 9.0V 이상 | M139: L_IGN1_IN = Off | Q139: 16.5V 이상 | U139: - | Y139: Cellphone On The Pad OFF | AC139: OK | AD139: 15.54V
B140: WPC(SW)-기능-6-100 | E140: 16.0V 초과 | I140: - | M140: - | Q140: - | U140: - | Y140: Cellphone On The Pad OFF | AC140: OK
B141: WPC(SW)-기능-6-101 | E141: 16.0V 초과 | I141: 16.0V 이하 | M141: L_IGN1_IN = Off | Q141: - | U141: - | Y141: Cellphone On The Pad ON | AC141: OK | AD141: 15.09V
B142: WPC(SW)-기능-6-102 | E142: 16.0V 초과 | I142: 16.0V 이하 | M142: L_IGN1_IN = Off | Q142: 8.5V 이하 | U142: - | Y142: Cellphone On The Pad OFF | AC142: OK | AD142: 7.64V
B144: No | C144: 구분 | E144: 초기 조건 | I144: 평가조건1 | M144: 평가조건2 | Q144: 평가조건3 | U144: 평가조건4 | Y144: 사양 결과 | AC144: 결과 | AD144: 비고
B146: WPC(SW)-기능-6-103 | C146: b_WPCSW Option == On | E146: L_IGN1_IN = On | I146: 휴대폰 거치 & C_SMKOption == On && (Latch_TypeOption_DRV= ON SBCM 사양시) | M146: C_DrvDRSW == ON or C_DrvDRSW_SBCM == ON | Q146: 휴대폰 거치 | Y146: 충전 및 방치알림 미동작 할 것 (휴대폰 충전 안될 것- 화면 확인) | AC146: OK
B147: WPC(SW)-기능-6-104 | E147: L_IGN1_IN = On | I147: 휴대폰 거치 & C_SMKOption == On && (Latch_TypeOption_DRV= ON SBCM 사양시) | M147: C_AstDRSW == ON or C_AstDRSW_SBCM == ON | Q147: 휴대폰 거치 | Y147: 충전 및 방치알림 미동작 할 것 (휴대폰 충전 안될 것- 화면 확인) | AC147: OK
B148: WPC(SW)-기능-6-105 | E148: L_IGN1_IN = On | I148: 휴대폰 거치 & C_SMKOption == On && (Latch_TypeOption_DRV= ON SBCM 사양시) | M148: C_RLDRSW == ON or C_RLDRSW_SBCM == ON | Q148: 휴대폰 거치 | Y148: 충전 및 방치알림 미동작 할 것 (휴대폰 충전 안될 것- 화면 확인) | AC148: OK
B149: WPC(SW)-기능-6-106 | E149: L_IGN1_IN = On | I149: 휴대폰 거치 & C_SMKOption == On && (Latch_TypeOption_DRV= ON SBCM 사양시) | M149: C_RRDRSW == ON or C_RRDRSW_SBCM == ON | Q149: 휴대폰 거치 | Y149: 충전 및 방치알림 미동작 할 것 (휴대폰 충전 안될 것- 화면 확인) | AC149: OK
B150: WPC(SW)-기능-6-107 | E150: L_IGN1_IN = On | I150: 휴대폰 거치 & C_SMKOption == On && (Latch_TypeOption_DRV= ON SBCM 사양시) | M150: C_LFSearchingOn ==ON | Q150: 휴대폰 거치 | Y150: 충전 및 방치알림 미동작 할 것 (휴대폰 충전 안될 것- 화면 확인) | AC150: OK
B152: No | C152: 구분 | E152: 초기 조건 | I152: 평가조건1 | M152: 평가조건2 | Q152: 평가조건3 | U152: 평가조건4 | Y152: 사양 결과 | AC152: 결과 | AD152: 비고
B154: 1 | C154: JG 전원체계 GearPosSta == ! P | E154: Power On | I154: 휴대폰 거치(충전중) | M154: GearPosSta == P | Q154: C_SMKOption == On 운전석 도어 OPEN | Y154: Cellphone Reminder 7s 송신 | AC154: OK | AH154: 도어 닫힌 상태에서 IGN OFF 조건으로만 봐야한다.
B155: WPC(SW)-기능-6-108 | E155: Power On | I155: 휴대폰 거치(충전 전) | M155: GearPosSta == P | Q155: C_SMKOption == On 운전석 도어 OPEN | Y155: Cellphone Reminder 7s 송신 | AC155: OK | AH155: 도어 닫힌 상태에서 IGN OFF 조건으로만 봐야한다.
B156: WPC(SW)-기능-6-108 | E156: Power On | I156: 휴대폰 거치(충전중) | M156: GearPosSta == N → P | Q156: C_SMKOption == On 운전석 도어 OPEN | Y156: Cellphone Reminder 7s 송신 | AC156: OK | AH156: 도어 닫힌 상태에서 IGN OFF 조건으로만 봐야한다.
B157: WPC(SW)-기능-6-108 | E157: Power On | I157: 휴대폰 거치(충전 전) | M157: GearPosSta == N → P | Q157: C_SMKOption == On 운전석 도어 OPEN | Y157: Cellphone Reminder 7s 송신 | AC157: OK | AH157: 도어 닫힌 상태에서 IGN OFF 조건으로만 봐야한다.
E158: Power On | I158: 휴대폰 거치(충전중) | M158: GearPosSta == D → P | Q158: C_SMKOption == On 운전석 도어 OPEN | Y158: Cellphone Reminder 7s 송신
E159: Power On | I159: 휴대폰 거치(충전 전) | M159: GearPosSta == D → P | Q159: C_SMKOption == On 운전석 도어 OPEN | Y159: Cellphone Reminder 7s 송신
E160: Power On | I160: 휴대폰 거치(충전중) | M160: GearPosSta == R → P | Q160: C_SMKOption == On 운전석 도어 OPEN | Y160: Cellphone Reminder 7s 송신
E161: Power On | I161: 휴대폰 거치(충전 전) | M161: GearPosSta == R → P | Q161: C_SMKOption == On 운전석 도어 OPEN | Y161: Cellphone Reminder 7s 송신
E162: Power On | I162: 휴대폰 거치(충전중) | M162: GearPosSta == B → P | Q162: C_SMKOption == On 운전석 도어 OPEN | Y162: Cellphone Reminder 7s 송신
E163: Power On | I163: 휴대폰 거치(충전 전) | M163: GearPosSta == B → P | Q163: C_SMKOption == On 운전석 도어 OPEN | Y163: Cellphone Reminder 7s 송신
...

Sheet Temperature Sensor Error
B2: WPC Temperature Sensor Error Detecting Control Function
B4: WPC(SW)-기능-15, WPC(SW)-기능-16
B5: No | C5: 구분 | E5: 초기 조건 | I5: 평가조건1 | M5: 평가조건2 | Q5: 사양 결과 | U5: 충전상태 | V5: LED | W5: 결과 | X5: 비고
B7: WPC(SW)-기능-15-1 | C7: 휴대폰 거치 | E7: WPCStatus = WPC_Mode | I7: 온도센서 모두 정상 | M7: 1번 온도센서 에러 2s 미만 유지 | Q7: 온도센서 에러 Off | U7: On | V7: On | W7: OK | X7: 온도센서 쇼트 or 오픈 | AB7: 항목 수
B8: WPC(SW)-기능-15-2 | E8: WPCStatus = WPC_Mode | I8: 온도센서 모두 정상 | M8: 2번 온도센서 에러 2s 미만 유지 | Q8: 온도센서 에러 Off | U8: On | V8: On | W8: N/A | AA8: 총 | AB8: =SUM(AB9:AB11) -> 30
B9: WPC(SW)-기능-15-3 | E9: WPCStatus = WPC_Mode | I9: 온도센서 모두 정상 | M9: 3번 온도센서 에러 2s 미만 유지 | Q9: 온도센서 에러 Off | U9: On | V9: On | W9: N/A | AA9: OK | AB9: =COUNTIF(W:W,"OK") -> 8
B10: WPC(SW)-기능-15-4 | E10: WPCStatus = WPC_Mode | I10: 온도센서 모두 정상 | M10: 1번 온도센서 에러 2s 이상 유지 | Q10: 온도센서 에러 On | U10: Off | V10: Off | W10: OK | AA10: NG | AB10: =COUNTIF(W:W,"NG") -> 0
B11: WPC(SW)-기능-15-5 | E11: 윗 case | I11: B+ 리셋 | M11: - | Q11: 온도센서 에러 On | U11: Off | V11: Off | W11: OK | AA11: N/A | AB11: =COUNTIF(W:W,"N/A") -> 22
B12: WPC(SW)-기능-15-6 | E12: 4번 case | I12: WPCStatus = NFC_Mode | M12: WPCStatus = WPC_Mode | Q12: 온도센서 에러 On | U12: Off | V12: Off | W12: OK | X12: NFC 사양
B13: WPC(SW)-기능-15-7 | E13: 4번 case | I13: WPCStatus = Off_Mode | M13: WPCStatus = WPC_Mode | Q13: 온도센서 에러 On | U13: Off | V13: Off | W13: OK
B14: WPC(SW)-기능-16-1 | E14: 4번 case | I14: 1번 온도센서 에러 해제 | M14: - | Q14: 온도센서 에러 On | U14: Off | V14: Off | W14: OK
B15: WPC(SW)-기능-16-2 | E15: 윗 case | I15: WPCStatus = NFC_Mode | M15: WPCStatus = WPC_Mode | Q15: 온도센서 에러 Off | U15: On | V15: On | W15: OK | X15: NFC 사양 | AA15: off mode 에서만 동작함
B16: WPC(SW)-기능-16-3 | E16: 8번case | I16: WPCStatus = Off_Mode | M16: WPCStatus = WPC_Mode | Q16: 온도센서 에러 Off | U16: On | V16: On | W16: OK
B17: WPC(SW)-기능-15-8 | E17: WPCStatus = WPCMode | I17: 온도센서 모두 정상 | M17: 2번 온도센서 에러 2s 이상 유지 | Q17: 온도센서 에러 On | U17: Off | V17: Off | W17: N/A
B18: WPC(SW)-기능-15-9 | E18: 11번 case | I18: WPCStatus = NFC_Mode | M18: WPCStatus = WPC_Mode | Q18: 온도센서 에러 On | U18: Off | V18: Off | W18: N/A | X18: NFC 사양
B19: WPC(SW)-기능-15-10 | E19: 11번 case | I19: WPCStatus = Off_Mode | M19: WPCStatus = WPC_Mode | Q19: 온도센서 에러 On | U19: Off | V19: Off | W19: N/A
B20: WPC(SW)-기능-16-4 | E20: 11번 case | I20: 2번 온도센서 에러 해제 | M20: - | Q20: 온도센서 에러 On | U20: Off | V20: Off | W20: N/A
B21: WPC(SW)-기능-16-5 | E21: 윗 case | I21: WPCStatus = NFC_Mode | M21: WPCStatus = WPC_Mode | Q21: 온도센서 에러 Off | U21: On | V21: On | W21: N/A | X21: NFC 사양
B22: WPC(SW)-기능-16-6 | E22: 14번 case | I22: WPCStatus = Off_Mode | M22: WPCStatus = WPC_Mode | Q22: 온도센서 에러 Off | U22: On | V22: On | W22: N/A
B23: WPC(SW)-기능-15-11 | E23: WPCStatus = WPCMode | I23: 온도센서 모두 정상 | M23: 3번 온도센서 에러 2s 이상 유지 | Q23: 온도센서 에러 On | U23: Off | V23: Off | W23: N/A
B24: WPC(SW)-기능-15-12 | E24: 17번 case | I24: WPCStatus = NFC_Mode | M24: WPCStatus = WPC_Mode | Q24: 온도센서 에러 On | U24: Off | V24: Off | W24: N/A | X24: NFC 사양
B25: WPC(SW)-기능-15-13 | E25: 17번 case | I25: WPCStatus = Off_Mode | M25: WPCStatus = WPC_Mode | Q25: 온도센서 에러 On | U25: Off | V25: Off | W25: N/A
B26: WPC(SW)-기능-16-7 | E26: 17번 case | I26: 3번 온도센서 에러 해제 | M26: - | Q26: 온도센서 에러 On | U26: Off | V26: Off | W26: N/A
B27: WPC(SW)-기능-16-8 | E27: 윗 case | I27: WPCStatus = NFC_Mode | M27: WPCStatus = WPC_Mode | Q27: 온도센서 에러 Off | U27: On | V27: On | W27: N/A | X27: NFC 사양
B28: WPC(SW)-기능-16-9 | E28: 20번 case | I28: WPCStatus = Off_Mode | M28: WPCStatus = WPC_Mode | Q28: 온도센서 에러 Off | U28: On | V28: On | W28: N/A
B29: WPC(SW)-기능-15-14 | E29: WPCStatus = WPCMode | I29: 온도센서 모두 정상 | M29: 모든 온도센서 에러 2s 이상 유지 | Q29: 온도센서 에러 On | U29: Off | V29: Off | W29: N/A
B30: WPC(SW)-기능-16-10 | E30: 윗 case | I30: 1번 온도센서 에러 해제 | M30: WPCStatus = NFC_Mode -> WPCMode | Q30: 온도센서 에러 On 유지 | U30: Off | V30: Off | W30: N/A | X30: NFC 사양, 1코일 충전 가능
B31: WPC(SW)-기능-16-11 | E31: 윗 case | I31: 2번 온도센서 에러 해제 | M31: WPCStatus = NFC_Mode -> WPCMode | Q31: 온도센서 에러 On 유지 | U31: Off | V31: Off | W31: N/A | X31: NFC 사양
B32: WPC(SW)-기능-16-12 | E32: 윗 case | I32: 3번 온도센서 에러 해제 | M32: WPCStatus = NFC_Mode -> WPCMode | Q32: 온도센서 에러 Off | U32: On | V32: On | W32: N/A | X32: NFC 사양
B33: WPC(SW)-기능-15-15 | E33: WPCStatus = WPCMode | I33: 온도센서 모두 정상 | M33: 모든 온도센서 에러 2s 이상 유지 | Q33: 온도센서 에러 On | U33: Off | V33: Off | W33: N/A
B34: WPC(SW)-기능-16-13 | E34: 윗 case | I34: 1번 온도센서 에러 해제 | M34: WPCStatus = Off_Mode -> WPCMode | Q34: 온도센서 에러 On 유지 | U34: Off | V34: Off | W34: N/A | X34: NFC 사양, 1코일 충전 가능
B35: WPC(SW)-기능-16-14 | E35: 윗 case | I35: 2번 온도센서 에러 해제 | M35: WPCStatus = Off_Mode -> WPCMode | Q35: 온도센서 에러 On 유지 | U35: Off | V35: Off | W35: N/A
B36: WPC(SW)-기능-16-15 | E36: 윗 case | I36: 3번 온도센서 에러 해제 | M36: WPCStatus = Off_Mode -> WPCMode | Q36: 온도센서 에러 Off | U36: On | V36: On | W36: N/A

Sheet LED Output Control
C2: WPC LED Output Control Function
C4: No | D4: 구분 | F4: 초기 조건 | J4: 평가조건1 | N4: 평가조건2 | R4: 사양 결과 | V4: 충전상태 | W4: LED | X4: 결과 | Y4: 비고 | AC4: 항목 수
AB5: 총 | AC5: =SUM(AC6:AC8) -> 114
B6: IND Output without Detent Control (type 2) | C6: 1 | D6: Rheostat 적용 IntTailOn 전용 | F6: C_IntTailOn == On | J6: 충전 중 | N6: 각 단계별 Rheostat Level 변경 | R6: 각 단계별 LED Duty | V6: On | W6: On | X6: N/A | AB6: OK | AC6: =COUNTIF(X:X,"OK") -> 18
B7: IND Output without Detent Control (type 2) | C7: 2 | F7: C_IntTailOn == On | J7: 충전 완료 | N7: 각 단계별 Rheostat Level 변경 | R7: 각 단계별 LED Duty | V7: On | W7: On | X7: N/A | AB7: NG | AC7: =COUNTIF(X:X,"NG") -> 0
B8: IND Output without Detent Control (type 2) | C8: 3 | F8: C_IntTailOn == On | J8: Error (FOD or 과열) | N8: 각 단계별 Rheostat Level 변경 | R8: 각 단계별 LED Duty | V8: On | W8: On | X8: N/A | AB8: N/A | AC8: =COUNTIF(X:X,"N/A") -> 96
B9: IND Output without Detent Control (type 2) | C9: 4 | F9: C_IntTailOn == On && C_Detentout == On | J9: 충전 중 | N9: 각 단계별 Rheostat Level 변경 | R9: 각 단계별 LED Duty | V9: On | W9: On | X9: N/A | Y9: Detentout 무관
B10: IND Output without Detent Control (type 2) | C10: 5 | F10: C_IntTailOn == On && C_Detentout == On | J10: 충전 완료 | N10: 각 단계별 Rheostat Level 변경 | R10: 각 단계별 LED Duty | V10: On | W10: On | X10: N/A | Y10: Detentout 무관
B11: IND Output without Detent Control (type 2) | C11: 6 | F11: C_IntTailOn == On && C_Detentout == On | J11: Error (FOD or 과열) | N11: 각 단계별 Rheostat Level 변경 | R11: 각 단계별 LED Duty | V11: On | W11: On | X11: N/A | Y11: Detentout 무관
B12: IND Output without Detent Control (type 2) | C12: 7 | F12: C_IntTailOn == Off | J12: 충전 중 | N12: 각 단계별 Rheostat Level 변경 | R12: LED Duty 100% | V12: On | W12: On | X12: N/A
B13: IND Output without Detent Control (type 2) | C13: 8 | F13: C_IntTailOn == Off | J13: 충전 완료 | N13: 각 단계별 Rheostat Level 변경 | R13: LED Duty 100% | V13: On | W13: On | X13: N/A
B14: IND Output without Detent Control (type 2) | C14: 9 | F14: C_IntTailOn == Off | J14: Error (FOD or 과열) | N14: 각 단계별 Rheostat Level 변경 | R14: LED Duty 100% | V14: On | W14: On | X14: N/A
C16: No | D16: 구분 | F16: 초기 조건 | J16: 평가조건1 | N16: 평가조건2 | R16: 사양 결과 | V16: 충전상태 | W16: LED | X16: 결과 | Y16: 비고
B18: IND Output with Detent Control Function (type 1) | C18: 1 | D18: Rheostat 적용 Detentout 전용 | F18: C_Detentout == On | J18: 충전 중 | N18: 각 단계별 Rheostat Level 변경 | R18: LED Duty 100% | V18: On | W18: On | X18: N/A
B19: IND Output with Detent Control Function (type 1) | C19: 2 | F19: C_Detentout == On | J19: 충전 완료 | N19: 각 단계별 Rheostat Level 변경 | R19: LED Duty 100% | V19: On | W19: On | X19: N/A
B20: IND Output with Detent Control Function (type 1) | C20: 3 | F20: C_Detentout == On | J20: Error (FOD or 과열) | N20: 각 단계별 Rheostat Level 변경 | R20: LED Duty 100% | V20: On | W20: On | X20: N/A
B21: IND Output with Detent Control Function (type 1) | C21: 4 | F21: C_Detentout == On && IntTail == On | J21: 충전 중 | N21: 각 단계별 Rheostat Level 변경 | R21: LED Duty 100% | V21: On | W21: On | X21: N/A | Y21: C_IntTailOn 무관
B22: IND Output with Detent Control Function (type 1) | C22: 5 | F22: C_Detentout == On && IntTail == On | J22: 충전 완료 | N22: 각 단계별 Rheostat Level 변경 | R22: LED Duty 100% | V22: On | W22: On | X22: N/A | Y22: C_IntTailOn 무관
B23: IND Output with Detent Control Function (type 1) | C23: 6 | F23: C_Detentout == On && IntTail == On | J23: Error (FOD or 과열) | N23: 각 단계별 Rheostat Level 변경 | R23: LED Duty 100% | V23: On | W23: On | X23: N/A | Y23: C_IntTailOn 무관
B24: IND Output with Detent Control Function (type 1) | C24: 7 | F24: C_Detentout == Off | J24: 충전 중 | N24: 각 단계별 Rheostat Level 변경 | R24: 각 단계별 LED Duty | V24: On | W24: On | X24: N/A
B25: IND Output with Detent Control Function (type 1) | C25: 8 | F25: C_Detentout == Off | J25: 충전 완료 | N25: 각 단계별 Rheostat Level 변경 | R25: 각 단계별 LED Duty | V25: On | W25: On | X25: N/A
B26: IND Output with Detent Control Function (type 1) | C26: 9 | F26: C_Detentout == Off | J26: Error (FOD or 과열) | N26: 각 단계별 Rheostat Level 변경 | R26: 각 단계별 LED Duty | V26: On | W26: On | X26: N/A
C28: No | D28: 구분 | F28: 초기 조건 | J28: 평가조건1 | N28: 평가조건2 | R28: 사양 결과 | V28: 충전상태 | W28: LED | X28: 결과 | Y28: 비고
B30: IND Output with Detent Control Function (type 1) | C30: 1 | D30: Rheostat 적용 YGPE 전용 | F30: C_IntTailOn == On && C_Detentout == On | J30: 충전 중 | N30: 각 단계별 Rheostat Level 변경 | R30: LED Duty 100% | V30: On | W30: On | X30: N/A
B31: IND Output with Detent Control Function (type 1) | C31: 2 | F31: C_IntTailOn == On && C_Detentout == On | J31: 충전 완료 | N31: 각 단계별 Rheostat Level 변경 | R31: LED Duty 100% | V31: On | W31: On | X31: N/A
B32: IND Output with Detent Control Function (type 1) | C32: 3 | F32: C_IntTailOn == On && C_Detentout == On | J32: Error (FOD or 과열) | N32: 각 단계별 Rheostat Level 변경 | R32: LED Duty 100% | V32: On | W32: On | X32: N/A
B33: IND Output with Detent Control Function (type 1) | C33: 4 | F33: C_IntTailOn == On && C_Detentout == Off | J33: 충전 중 | N33: 각 단계별 Rheostat Level 변경 | R33: 각 단계별 LED Duty | V33: On | W33: On | X33: N/A
B34: IND Output with Detent Control Function (type 1) | C34: 5 | F34: C_IntTailOn == On && C_Detentout == Off | J34: 충전 완료 | N34: 각 단계별 Rheostat Level 변경 | R34: 각 단계별 LED Duty | V34: On | W34: On | X34: N/A
B35: IND Output with Detent Control Function (type 1) | C35: 6 | F35: C_IntTailOn == On && C_Detentout == Off | J35: Error (FOD or 과열) | N35: 각 단계별 Rheostat Level 변경 | R35: 각 단계별 LED Duty | V35: On | W35: On | X35: N/A
B36: IND Output with Detent Control Function (type 1) | C36: 7 | F36: C_IntTailOn == Off && C_Detentout == On | J36: 충전 중 | N36: 각 단계별 Rheostat Level 변경 | R36: LED Duty 100% | V36: On | W36: On | X36: N/A
B37: IND Output with Detent Control Function (type 1) | C37: 8 | F37: C_IntTailOn == Off && C_Detentout == On | J37: 충전 완료 | N37: 각 단계별 Rheostat Level 변경 | R37: LED Duty 100% | V37: On | W37: On | X37: N/A
B38: IND Output with Detent Control Function (type 1) | C38: 9 | F38: C_IntTailOn == Off && C_Detentout == On | J38: Error (FOD or 과열) | N38: 각 단계별 Rheostat Level 변경 | R38: LED Duty 100% | V38: On | W38: On | X38: N/A
B39: IND Output with Detent Control Function (type 1) | C39: 10 | F39: C_IntTailOn == Off && C_Detentout == Off | J39: 충전 중 | N39: 각 단계별 Rheostat Level 변경 | R39: LED Duty 100% | V39: On | W39: On | X39: N/A
B40: IND Output with Detent Control Function (type 1) | C40: 11 | F40: C_IntTailOn == Off && C_Detentout == Off | J40: 충전 완료 | N40: 각 단계별 Rheostat Level 변경 | R40: LED Duty 100% | V40: On | W40: On | X40: N/A
B41: IND Output with Detent Control Function (type 1) | C41: 12 | F41: C_IntTailOn == Off && C_Detentout == Off | J41: Error (FOD or 과열) | N41: 각 단계별 Rheostat Level 변경 | R41: LED Duty 100% | V41: On | W41: On | X41: N/A
C43: No | D43: 구분 | F43: 초기 조건 | J43: 평가조건1 | N43: 평가조건2 | R43: 사양 결과 | V43: 충전상태 | W43: LED | X43: 결과 | Y43: 비고
B45: IND Output without Detent Control (type 2) | C45: 1 | D45: Rheostat 미적용 | F45: C_IntTailOn == On | J45: 충전 중 | N45: - | R45: LED Duty 25% | V45: On | W45: On | X45: N/A
B46: IND Output without Detent Control (type 2) | C46: 2 | F46: C_IntTailOn == On | J46: 충전 완료 | N46: - | R46: LED Duty 25% | V46: On | W46: On | X46: N/A
B47: IND Output without Detent Control (type 2) | C47: 3 | F47: C_IntTailOn == On | J47: Error (FOD or 과열) | N47: - | R47: LED Duty 25% | V47: On | W47: On | X47: N/A
B48: IND Output without Detent Control (type 2) | C48: 4 | F48: C_IntTailOn == On | J48: 충전 중 | N48: C_Detentout == On | R48: LED Duty 25% | V48: On | W48: On | X48: N/A | Y48: Detentout 무관
B49: IND Output without Detent Control (type 2) | C49: 5 | F49: C_IntTailOn == On | J49: 충전 완료 | N49: C_Detentout == On | R49: LED Duty 25% | V49: On | W49: On | X49: N/A
B50: IND Output without Detent Control (type 2) | C50: 6 | F50: C_IntTailOn == On | J50: Error (FOD or 과열) | N50: C_Detentout == On | R50: LED Duty 25% | V50: On | W50: On | X50: N/A
B51: IND Output without Detent Control (type 2) | C51: 7 | F51: C_IntTailOn == Off | J51: 충전 중 | N51: - | R51: LED Duty 100% | V51: On | W51: On | X51: N/A
B52: IND Output without Detent Control (type 2) | C52: 8 | F52: C_IntTailOn == Off | J52: 충전 완료 | N52: - | R52: LED Duty 100% | V52: On | W52: On | X52: N/A
B53: IND Output without Detent Control (type 2) | C53: 9 | F53: C_IntTailOn == Off | J53: Error (FOD or 과열) | N53: - | R53: LED Duty 100% | V53: On | W53: On | X53: N/A
C55: No | D55: 구분 | F55: 초기 조건 | J55: 평가조건1 | N55: 평가조건2 | R55: 사양 결과 | V55: 충전상태 | W55: LED | X55: 결과 | Y55: 비고
B57: IND Output with Detent Control Function (type 1) | C57: 1 | D57: PY F/L 사양 | F57: b_InitialLEDOtpion == On | J57: C_WirelessChargingSystemStatus = On | N57: B/ON == On | R57: AMBER LED 3초간 점등 | V57: On | W57: On | X57: N/A
B58: IND Output with Detent Control Function (type 1) | C58: 2 | F58: b_InitialLEDOtpion == On | J58: C_WirelessChargingSystemStatus = On | N58: B/ON == On -> Off | R58: AMBER LED 3초간 점등 중 꺼짐 | V58: Off | W58: Off | X58: N/A
B59: IND Output with Detent Control Function (type 1) | C59: 3 | F59: b_InitialLEDOtpion == On | J59: C_WirelessChargingSystemStatus = Off | N59: B/ON == On | R59: AMBER LED 미점등 | V59: Off | W59: Off | X59: N/A
B60: IND Output with Detent Control Function (type 1) | C60: 4 | F60: 윗 case | J60: C_WirelessChargingSystemStatus = On | N60: - | R60: AMBER LED 3초간 점등 | V60: On | W60: On | X60: N/A
B61: IND Output with Detent Control Function (type 1) | C61: 5 | F61: C_Detentout == On | J61: 충전 중 | N61: 각 단계별 Rheostat Level 변경 | R61: LED Duty 100% | V61: On | W61: On | X61: N/A
B62: IND Output with Detent Control Function (type 1) | C62: 6 | F62: C_Detentout == On | J62: 충전 완료 | N62: 각 단계별 Rheostat Level 변경 | R62: LED Duty 100% | V62: On | W62: On | X62: N/A
B63: IND Output with Detent Control Function (type 1) | C63: 7 | F63: C_Detentout == On | J63: Error (FOD or 과열) | N63: 각 단계별 Rheostat Level 변경 | R63: LED Duty 100% | V63: On | W63: On | X63: N/A
B64: IND Output with Detent Control Function (type 1) | C64: 8 | F64: C_Detentout == Off | J64: 충전 중 | N64: 각 단계별 Rheostat Level 변경 | R64: 각 단계별 LED Duty | V64: On | W64: On | X64: N/A
B65: IND Output with Detent Control Function (type 1) | C65: 9 | F65: C_Detentout == Off | J65: 충전 완료 | N65: 각 단계별 Rheostat Level 변경 | R65: 각 단계별 LED Duty | V65: On | W65: On | X65: N/A
B66: IND Output with Detent Control Function (type 1) | C66: 10 | F66: C_Detentout == Off | J66: Error (FOD or 과열) | N66: 각 단계별 Rheostat Level 변경 | R66: 각 단계별 LED Duty | V66: On | W66: On | X66: N/A
B67: IND Output with Detent Control Function (type 1) | C67: 11 | F67: C_Detentout == Off && C_IntTailOn == On | J67: 충전 중 | N67: 각 단계별 Rheostat Level 변경 | R67: 각 단계별 LED Duty | V67: On | W67: On | X67: N/A | Y67: C_IntTailOn 무관
B68: IND Output with Detent Control Function (type 1) | C68: 12 | F68: C_Detentout == Off && C_IntTailOn == On | J68: 충전 완료 | N68: 각 단계별 Rheostat Level 변경 | R68: 각 단계별 LED Duty | V68: On | W68: On | X68: N/A
B69: IND Output with Detent Control Function (type 1) | C69: 13 | F69: C_Detentout == Off && C_IntTailOn == On | J69: Error (FOD or 과열) | N69: 각 단계별 Rheostat Level 변경 | R69: 각 단계별 LED Duty | V69: On | W69: On | X69: N/A
C71: TYPE 2 WPC
C72: No | D72: 구분 | F72: 초기 조건 | J72: 평가조건1 | N72: 평가조건2 | R72: 사양 결과 | V72: 충전상태 | W72: LED | X72: 결과 | Y72: 비고
B74: IND Output with Auto Bright Control (type 3) | C74: 1 | D74: Ainmation 사양 Auto Bright 적용 Detentout 사양 | F74: WPCAnimationNvalueSET = Type 2 C_Detentout == Off | J74: 충전 중 | N74: 각 단계별 Rheostat Level 변경 | R74: LED Duty 변경 없음 | V74: On | W74: On | X74: N/A
B75: IND Output with Auto Bright Control (type 3) | C75: 2 | F75: WPCAnimationNvalueSET = Type 2 C_Detentout == Off | J75: 충전 완료 | N75: 각 단계별 Rheostat Level 변경 | R75: LED Duty 변경 없음 | V75: On | W75: On | X75: N/A
B76: IND Output with Auto Bright Control (type 3) | C76: 3 | F76: WPCAnimationNvalueSET = Type 2 C_Detentout == Off | J76: Error (FOD or 과열) | N76: 각 단계별 Rheostat Level 변경 | R76: LED Duty 변경 없음 | V76: On | W76: On | X76: N/A
B77: IND Output with Auto Bright Control (type 3) | C77: 4 | F77: WPCAnimationNvalueSET = Type 2 C_Detentout == On | J77: 충전 중 | N77: 각 단계별 Rheostat Level 변경 | R77: LED Duty 변경 없음 | V77: On | W77: On | X77: N/A
B78: IND Output with Auto Bright Control (type 3) | C78: 5 | F78: WPCAnimationNvalueSET = Type 2 C_Detentout == On | J78: 충전 완료 | N78: 각 단계별 Rheostat Level 변경 | R78: LED Duty 변경 없음 | V78: On | W78: On | X78: N/A
B79: IND Output with Auto Bright Control (type 3) | C79: 6 | F79: WPCAnimationNvalueSET = Type 2 C_Detentout == On | J79: Error (FOD or 과열) | N79: 각 단계별 Rheostat Level 변경 | R79: LED Duty 변경 없음 | V79: On | W79: On | X79: N/A
B80: IND Output with Auto Bright Control (type 3) | C80: 7 | F80: WPCAnimationNvalueSET = Type 2 C_Detentout == Off | J80: 미 충전 중 | N80: Auto Bright Level 변경 | R80: LED Off 유지 | V80: Off | W80: Off | X80: N/A
B81: IND Output with Auto Bright Control (type 3) | C81: 8 | F81: WPCAnimationNvalueSET = Type 2 C_Detentout == On | J81: 미 충전 중 | N81: Auto Bright Level 변경 | R81: LED Off 유지 | V81: Off | W81: Off | X81: N/A
B82: IND Output with Auto Bright Control (type 3) | C82: 9 | F82: WPCAnimationNvalueSET = Type 2 C_Detentout == Off | J82: 충전 중 | N82: Auto Bright Level 변경 | R82: 각 단계별 LED Duty (2~91단계) | V82: On | W82: On | X82: N/A
B83: IND Output with Auto Bright Control (type 3) | C83: 10 | F83: WPCAnimationNvalueSET = Type 2 C_Detentout == Off | J83: 충전 완료 | N83: Auto Bright Level 변경 | R83: 각 단계별 LED Duty (2~91단계) | V83: On | W83: On | X83: N/A
B84: IND Output with Auto Bright Control (type 3) | C84: 11 | F84: WPCAnimationNvalueSET = Type 2 C_Detentout == Off | J84: Error (FOD or 과열) | N84: Auto Bright Level 변경 | R84: 각 단계별 LED Duty (2~91단계) | V84: On | W84: On | X84: N/A
B85: IND Output with Auto Bright Control (type 3) | C85: 12 | F85: WPCAnimationNvalueSET = Type 2 C_Detentout == On | J85: 충전 중 | N85: Auto Bright Level 변경 | R85: LED Duty 100% | V85: On | W85: On | X85: N/A
B86: IND Output with Auto Bright Control (type 3) | C86: 13 | F86: WPCAnimationNvalueSET = Type 2 C_Detentout == On | J86: 충전 완료 | N86: Auto Bright Level 변경 | R86: LED Duty 100% | V86: On | W86: On | X86: N/A
... B117: IND Output with Auto Bright Control (type 3) | C117: 40 | F117: WPCAnimationNvalueSET = Type 2 C_Detentout == OFF | J117: WPCAnimationNvalueSET = Type 1 C_Detentout == On | N117: WPCAnimationNvalueSET = Type 2 C_Detentout == On | R117: Fade in ->Fade OUT 동작 할것 | V117: On | W117: On | X117: N/A
C119: WPC(SW)-기능-26,WPC(SW)-기능-27
C120: No | D120: 구분 | F120: 초기 조건 | J120: 평가조건1 | N120: 평가조건2 | R120: 사양 결과 | V120: 충전상태 | W120: LED | X120: 결과 | Y120: 비고
B122: IND Output with Auto Bright Control (type 3) | C122: WPC(SW)-기능-27-1 | D122: Auto Bright 적용 Detentout 사양 | F122: C_Detentout == On | J122: 충전 중 | N122: Auto Bright Level 변경 | R122: LED Duty 100% | V122: On | W122: On | X122: OK
B123: IND Output with Auto Bright Control (type 3) | C123: WPC(SW)-기능-27-2 | F123: C_Detentout == On | J123: 충전 완료 | N123: Auto Bright Level 변경 | R123: LED Duty 100% | V123: On | W123: On | X123: OK
B124: IND Output with Auto Bright Control (type 3) | C124: WPC(SW)-기능-27-3 | F124: C_Detentout == On | J124: Error (FOD or 과열) | N124: Auto Bright Level 변경 | R124: LED Duty 100% | V124: On | W124: On | X124: OK
B125: IND Output with Auto Bright Control (type 3) | C125: WPC(SW)-기능-27-4 | F125: C_Detentout == On | J125: 충전 중 | N125: Auto Bright Level 변경 | R125: LED Duty 100% | V125: On | W125: On | X125: OK
B126: IND Output with Auto Bright Control (type 3) | C126: WPC(SW)-기능-27-5 | F126: C_Detentout == On | J126: 충전 완료 | N126: Auto Bright Level 변경 | R126: LED Duty 100% | V126: On | W126: On | X126: OK
B127: IND Output with Auto Bright Control (type 3) | C127: WPC(SW)-기능-27-6 | F127: C_Detentout == On | J127: Error (FOD or 과열) | N127: Auto Bright Level 변경 | R127: LED Duty 100% | V127: On | W127: On | X127: OK
B128: IND Output with Auto Bright Control (type 3) | C128: WPC(SW)-기능-26-1 | F128: C_Detentout == Off | J128: 충전 중 | N128: Auto Bright Level 변경 | R128: 각 단계별 LED Duty | V128: On | W128: On | X128: OK
B129: IND Output with Auto Bright Control (type 3) | C129: WPC(SW)-기능-26-2 | F129: C_Detentout == Off | J129: 충전 완료 | N129: Auto Bright Level 변경 | R129: 각 단계별 LED Duty | V129: On | W129: On | X129: OK
B130: IND Output with Auto Bright Control (type 3) | C130: WPC(SW)-기능-26-3 | F130: C_Detentout == Off | J130: Error (FOD or 과열) | N130: Auto Bright Level 변경 | R130: 각 단계별 LED Duty | V130: On | W130: On | X130: OK
B131: IND Output with Auto Bright Control (type 3) | C131: WPC(SW)-기능-27-7 | F131: C_Detentout == On | J131: 충전 중 | N131: Auto Bright Level 91단계 | R131: LED Duty 100% | V131: On | W131: On | X131: OK
B132: IND Output with Auto Bright Control (type 3) | C132: WPC(SW)-기능-27-8 | F132: C_Detentout == On | J132: 충전 완료 | N132: Auto Bright Level 91단계 | R132: LED Duty 100% | V132: On | W132: On | X132: OK
B133: IND Output with Auto Bright Control (type 3) | C133: WPC(SW)-기능-27-9 | F133: C_Detentout == On | J133: Error (FOD or 과열) | N133: Auto Bright Level 91단계 | R133: LED Duty 100% | V133: On | W133: On | X133: OK
B134: IND Output with Auto Bright Control (type 3) | C134: WPC(SW)-기능-26-4 | F134: WPC1/WPC2 동시에 연결하여 C_Detentout == Off | J134: 충전 중 | N134: Auto Bright Level 변경 | R134: WPC1/WPC2 각 단계별 LED Duty | V134: On | W134: On | X134: OK
... B139: IND Output with Auto Bright Control (type 3) | C139: WPC(SW)-기능-27-12 | F139: WPC1/WPC2 동시에 연결하여 C_Detentout == ON | J139: Error (FOD or 과열) | N139: Auto Bright Level 91단계 | R139: WPC1/WPC2 LED Duty 100% | V139: On | W139: On | X139: OK

Sheet USM Setting
C2: WPC USM Setting Function
C4: WPC(SW)-기능-17,WPC(SW)-기능-18,WPC(SW)-기능-19
C5: No | D5: 구분 | F5: 초기 조건 | J5: 평가조건1 | N5: 평가조건2 | R5: 평가조건3 | V5: 사양 결과 | Z5: 충전상태 | AA5: LED | AB5: 결과 | AC5: 비고
B7: WPC-기능-023~027 | C7: WPC(SW)-기능-17-1 | D7: IAU 적용 / 미적용통합 | F7: C_ProfileIDRValue == Guest | J7: b_WPCOption = On | N7: C_WPCOnOffNValueset == Off | R7: - | V7: C_WPCRvalue = Off | Z7: Off | AA7: Off | AB7: OK | AG7: 항목 수
B8: WPC-기능-023~027 | C8: WPC(SW)-기능-17-2 | F8: 윗 case | J8: Sleep 진입 후 Alive | N8: - | R8: - | V8: C_WPCRvalue = Off | Z8: Off | AA8: Off | AB8: OK | AF8: 총 | AG8: =SUM(AG9:AG11) -> 683
B9: WPC-기능-023~027 | C9: WPC(SW)-기능-17-3 | F9: 윗 case | J9: C_WPCOnOffNValueset == On | N9: - | R9: - | V9: C_WPCRvalue = On | Z9: On | AA9: On | AB9: OK | AF9: OK | AG9: =COUNTIF(AB:AB,"OK") -> 671
B10: WPC-기능-023~027 | C10: WPC(SW)-기능-17-4 | F10: C_ProfileIDRValue == Guest | J10: b_WPCOption = Off | N10: C_WPCOnOffNValueset == On | R10: - | V10: C_WPCRvalue = On | Z10: On | AA10: On | AB10: OK | AF10: NG | AG10: =COUNTIF(AB:AB,"NG") -> 0
B11: WPC-기능-023~027 | C11: WPC(SW)-기능-17-5 | F11: 윗 case | J11: Sleep 진입 후 Alive | N11: - | R11: - | V11: C_WPCRvalue = On | Z11: On | AA11: On | AB11: OK | AF11: N/A | AG11: =COUNTIF(AB:AB,"N/A") -> 12
B12: WPC-기능-023~027 | C12: WPC(SW)-기능-17-6 | F12: 윗 case | J12: C_WPCOnOffNValueset == Off | N12: - | R12: - | V12: C_WPCRvalue = Off | Z12: Off | AA12: Off | AB12: OK
B13: WPC-기능-023~027 | C13: WPC(SW)-기능-19-1 | F13: C_ProfileIDRValue == Guest | J13: b_WPCOption = On | N13: C_WPCOnOffNValueset == Off | R13: C_USMReset = Reset | V13: C_WPCRvalue = Off -> On | Z13: Off -> On | AA13: Off -> On | AB13: OK
B14: WPC-기능-023~027 | C14: WPC(SW)-기능-17-7 | F14: C_ProfileIDRValue == Guest | J14: b_WPCOption = On | N14: B+ 리셋 | R14: - | V14: C_WPCRvalue = On | Z14: On | AA14: On | AB14: OK
B15: WPC-기능-023~027 | C15: WPC(SW)-기능-17-8 | F15: 윗 case | J15: C_WPCOnOffNValueset == Off | N15: - | R15: - | V15: C_WPCRvalue = Off | Z15: Off | AA15: Off | AB15: OK
B16: WPC-기능-023~027 | C16: WPC(SW)-기능-17-9 | F16: C_ProfileIDRValue == Guest | J16: b_WPCOption = Off | N16: B+ 리셋 | R16: - | V16: C_WPCRvalue = Off | Z16: Off | AA16: Off | AB16: OK
B17: WPC-기능-023~027 | C17: WPC(SW)-기능-17-10 | F17: 윗 case | J17: C_WPCOnOffNValueset == On | N17: - | R17: - | V17: C_WPCRvalue = On | Z17: On | AA17: On | AB17: OK
B18: WPC-기능-023~027 | C18: WPC(SW)-기능-17-11 | F18: C_ProfileIDRValue == Profile1 | J18: b_WPCOption = On | N18: C_WPCOnOffNValueset == Off | R18: - | V18: C_WPCRvalue = Off | Z18: Off | AA18: Off | AB18: OK
B19: WPC-기능-023~027 | C19: WPC(SW)-기능-17-12 | F19: 윗 case | J19: Sleep 진입 후 Alive | N19: - | R19: - | V19: C_WPCRvalue = Off | Z19: Off | AA19: Off | AB19: OK
B20: WPC-기능-023~027 | C20: WPC(SW)-기능-17-13 | F20: 윗 case | J20: C_WPCOnOffNValueset == On | N20: - | R20: - | V20: C_WPCRvalue = On | Z20: On | AA20: On | AB20: OK
B21: WPC-기능-023~027 | C21: WPC(SW)-기능-17-14 | F21: C_ProfileIDRValue == Profile1 | J21: b_WPCOption = Off | N21: C_WPCOnOffNValueset == On | R21: - | V21: C_WPCRvalue = On | Z21: On | AA21: On | AB21: OK
B22: WPC-기능-023~027 | C22: WPC(SW)-기능-17-15 | F22: 윗 case | J22: Sleep 진입 후 Alive | N22: - | R22: - | V22: C_WPCRvalue = On | Z22: On | AA22: On | AB22: OK
B23: WPC-기능-023~027 | C23: WPC(SW)-기능-17-16 | F23: 윗 case | J23: C_WPCOnOffNValueset == Off | N23: - | R23: - | V23: C_WPCRvalue = Off | Z23: Off | AA23: Off | AB23: OK
... B592: WPC-기능-023~027 | C592: WPC(SW)-기능-18-360 | F592: C_ProfileIDRValue == Profile9 & b_WPCOption = Off | J592: C_ProfileIDRValue == Profile8 | N592: USM_WpcSetReq = Off | R592: C_ProfileIDRValue == Profile9 | V592: C_WPCRvalue = Off | Z592: Off | AA592: Off | AB592: OK
B593: WPC-기능-023~027 | C593: WPC(SW)-기능-18-361 | F593: C_AVN_ProfileIDRValue == Guest & b_WPCOption = On | J593: C_AVN_ProfileIDRValue == Default | N593: C_ProfileIDRValue == Profile1 & C_WPCOnOffNValueset == Off | R593: C_AVN_ProfileIDRValue == Guest C_ProfileIDRValue == Default | V593: C_WPCRvalue = Off -> On | Z593: Off -> On | AA593: Off -> On | AB593: OK | AC593: IAU 송신 시그널 C_ProfileIDRValue이 0x01/0x02/0x03이 아닐 경우 AVN송신 C_AVN_ProfileIDRValue값에 따라 ID 설정
B594: WPC-기능-023~027 | C594: WPC(SW)-기능-18-362 | F594: C_AVN_ProfileIDRValue == Guest & b_WPCOption = On | J594: C_AVN_ProfileIDRValue == Default | N594: C_ProfileIDRValue == Profile2 & C_WPCOnOffNValueset == Off | R594: C_AVN_ProfileIDRValue == Guest C_ProfileIDRValue == Default | V594: C_WPCRvalue = Off -> On | Z594: Off -> On | AA594: Off -> On | AB594: OK
B595: WPC-기능-023~027 | C595: WPC(SW)-기능-18-363 | F595: C_AVN_ProfileIDRValue == Guest & b_WPCOption = Off | J595: C_AVN_ProfileIDRValue == Default | N595: C_ProfileIDRValue == Profile1 & C_WPCOnOffNValueset == On | R595: C_AVN_ProfileIDRValue == Guest C_ProfileIDRValue == Default | V595: C_WPCRvalue = On -> Off | Z595: On -> Off | AA595: On -> Off | AB595: OK
B596: WPC-기능-023~027 | C596: WPC(SW)-기능-18-364 | F596: C_AVN_ProfileIDRValue == Guest & b_WPCOption = Off | J596: C_AVN_ProfileIDRValue == Default | N596: C_ProfileIDRValue == Profile2 & C_WPCOnOffNValueset == On | R596: C_AVN_ProfileIDRValue == Guest C_ProfileIDRValue == Default | V596: C_WPCRvalue = On -> Off | Z596: On -> Off | AA596: On -> Off | AB596: OK
B597: WPC-기능-023~027 | C597: WPC(SW)-기능-18-365 | F597: C_AVN_ProfileIDRValue == Profile1 & b_WPCOption = On | J597: C_AVN_ProfileIDRValue == Default | N597: C_ProfileIDRValue == Guest & C_WPCOnOffNValueset == Off | R597: C_AVN_ProfileIDRValue == Profile1 C_ProfileIDRValue == Defaul | V597: C_WPCRvalue = Off -> On | Z597: Off -> On | AA597: Off -> On | AB597: OK
B598: WPC-기능-023~027 | C598: WPC(SW)-기능-18-366 | F598: C_AVN_ProfileIDRValue == Profile1 & b_WPCOption = On | J598: C_AVN_ProfileIDRValue == Default | N598: C_ProfileIDRValue == Profile2 & C_WPCOnOffNValueset == Off | R598: C_AVN_ProfileIDRValue == Profile1 C_ProfileIDRValue == Defaul | V598: C_WPCRvalue = Off -> On | Z598: Off -> On | AA598: Off -> On | AB598: OK
B599: WPC-기능-023~027 | C599: WPC(SW)-기능-18-367 | F599: C_AVN_ProfileIDRValue == Profile1 & b_WPCOption = Off | J599: C_AVN_ProfileIDRValue == Default | N599: C_ProfileIDRValue == Guest & C_WPCOnOffNValueset == On | R599: C_AVN_ProfileIDRValue == Profile1 C_ProfileIDRValue == Defaul | V599: C_WPCRvalue = On -> Off | Z599: On -> Off | AA599: On -> Off | AB599: OK
B600: WPC-기능-023~027 | C600: WPC(SW)-기능-18-368 | F600: C_AVN_ProfileIDRValue == Profile1 & b_WPCOption = Off | J600: C_AVN_ProfileIDRValue == Default | N600: C_ProfileIDRValue == Profile2 & C_WPCOnOffNValueset == On | R600: C_AVN_ProfileIDRValue == Profile1 C_ProfileIDRValue == Defaul | V600: C_WPCRvalue = On -> Off | Z600: On -> Off | AA600: On -> Off | AB600: OK
B601: WPC-기능-023~027 | C601: WPC(SW)-기능-18-369 | F601: C_AVN_ProfileIDRValue == Profile2 & b_WPCOption = On | J601: C_AVN_ProfileIDRValue == Default | N601: C_ProfileIDRValue == Guest & C_WPCOnOffNValueset == Off | R601: C_AVN_ProfileIDRValue == Profile2 C_ProfileIDRValue == Default | V601: C_WPCRvalue = Off -> On | Z601: Off -> On | AA601: Off -> On | AB601: OK
B602: WPC-기능-023~027 | C602: WPC(SW)-기능-18-370 | F602: C_AVN_ProfileIDRValue == Profile2 & b_WPCOption = On | J602: C_AVN_ProfileIDRValue == Default | N602: C_ProfileIDRValue == Profile1 & C_WPCOnOffNValueset == Off | R602: C_AVN_ProfileIDRValue == Profile2 C_ProfileIDRValue == Default | V602: C_WPCRvalue = Off -> On | Z602: Off -> On | AA602: Off -> On | AB602: OK
B603: WPC-기능-023~027 | C603: WPC(SW)-기능-18-371 | F603: C_AVN_ProfileIDRValue == Profile2 & b_WPCOption = Off | J603: C_AVN_ProfileIDRValue == Default | N603: C_ProfileIDRValue == Guest & C_WPCOnOffNValueset == On | R603: C_AVN_ProfileIDRValue == Profile2 C_ProfileIDRValue == Default | V603: C_WPCRvalue = On -> Off | Z603: On -> Off | AA603: On -> Off | AB603: OK
B604: WPC-기능-023~027 | C604: WPC(SW)-기능-18-372 | F604: C_AVN_ProfileIDRValue == Profile2 & b_WPCOption = Off | J604: C_AVN_ProfileIDRValue == Default | N604: C_ProfileIDRValue == Profile1 & C_WPCOnOffNValueset == On | R604: C_AVN_ProfileIDRValue == Profile2 C_ProfileIDRValue == Default | V604: C_WPCRvalue = On -> Off | Z604: On -> Off | AA604: On -> Off | AB604: OK
B605: WPC-기능-023~027 | C605: WPC(SW)-기능-18-373 | F605: C_AVN_ProfileIDRValue == Guest & b_WPCOption = On | J605: C_AVN_ProfileIDRValue == Default | N605: C_ProfileIDRValue == Profile1 & USM_WpcSetReq = Off | R605: C_AVN_ProfileIDRValue == Guest C_ProfileIDRValue == Default | V605: C_WPCRvalue = Off -> On | Z605: Off -> On | AA605: Off -> On | AB605: OK | AC605: IAU 송신 시그널 C_ProfileIDRValue이 0x01/0x02/0x03이 아닐 경우 AVN송신 C_AVN_ProfileIDRValue값에 따라 ID 설정
B606: WPC-기능-023~027 | C606: WPC(SW)-기능-18-374 | F606: C_AVN_ProfileIDRValue == Guest & b_WPCOption = On | J606: C_AVN_ProfileIDRValue == Default | N606: C_ProfileIDRValue == Profile2 & USM_WpcSetReq = Off | R606: C_AVN_ProfileIDRValue == Guest C_ProfileIDRValue == Default | V606: C_WPCRvalue = Off -> On | Z606: Off -> On | AA606: Off -> On | AB606: OK
B607: WPC-기능-023~027 | C607: WPC(SW)-기능-18-375 | F607: C_AVN_ProfileIDRValue == Guest & b_WPCOption = Off | J607: C_AVN_ProfileIDRValue == Default | N607: C_ProfileIDRValue == Profile1 & USM_WpcSetReq = On | R607: C_AVN_ProfileIDRValue == Guest C_ProfileIDRValue == Default | V607: C_WPCRvalue = On -> Off | Z607: On -> Off | AA607: On -> Off | AB607: OK
B608: WPC-기능-023~027 | C608: WPC(SW)-기능-18-376 | F608: C_AVN_ProfileIDRValue == Guest & b_WPCOption = Off | J608: C_AVN_ProfileIDRValue == Default | N608: C_ProfileIDRValue == Profile2 & USM_WpcSetReq = On | R608: C_AVN_ProfileIDRValue == Guest C_ProfileIDRValue == Default | V608: C_WPCRvalue = On -> Off | Z608: On -> Off | AA608: On -> Off | AB608: OK
B609: WPC-기능-023~027 | C609: WPC(SW)-기능-18-377 | F609: C_AVN_ProfileIDRValue == Profile1 & b_WPCOption = On | J609: C_AVN_ProfileIDRValue == Default | N609: C_ProfileIDRValue == Guest & USM_WpcSetReq = Off | R609: C_AVN_ProfileIDRValue == Profile1 C_ProfileIDRValue == Defaul | V609: C_WPCRvalue = Off -> On | Z609: Off -> On | AA609: Off -> On | AB609: OK
B610: WPC-기능-023~027 | C610: WPC(SW)-기능-18-378 | F610: C_AVN_ProfileIDRValue == Profile1 & b_WPCOption = On | J610: C_AVN_ProfileIDRValue == Default | N610: C_ProfileIDRValue == Profile2 & USM_WpcSetReq = Off | R610: C_AVN_ProfileIDRValue == Profile1 C_ProfileIDRValue == Defaul | V610: C_WPCRvalue = Off -> On | Z610: Off -> On | AA610: Off -> On | AB610: OK
B611: WPC-기능-023~027 | C611: WPC(SW)-기능-18-379 | F611: C_AVN_ProfileIDRValue == Profile1 & b_WPCOption = Off | J611: C_AVN_ProfileIDRValue == Default | N611: C_ProfileIDRValue == Guest & USM_WpcSetReq = On | R611: C_AVN_ProfileIDRValue == Profile1 C_ProfileIDRValue == Defaul | V611: C_WPCRvalue = On -> Off | Z611: On -> Off | AA611: On -> Off | AB611: OK
B612: WPC-기능-023~027 | C612: WPC(SW)-기능-18-380 | F612: C_AVN_ProfileIDRValue == Profile1 & b_WPCOption = Off | J612: C_AVN_ProfileIDRValue == Default | N612: C_ProfileIDRValue == Profile2 & USM_WpcSetReq = On | R612: C_AVN_ProfileIDRValue == Profile1 C_ProfileIDRValue == Defaul | V612: C_WPCRvalue = On -> Off | Z612: On -> Off | AA612: On -> Off | AB612: OK
B613: WPC-기능-023~027 | C613: WPC(SW)-기능-18-381 | F613: C_AVN_ProfileIDRValue == Profile2 & b_WPCOption = On | J613: C_AVN_ProfileIDRValue == Default | N613: C_ProfileIDRValue == Guest & USM_WpcSetReq = Off | R613: C_AVN_ProfileIDRValue == Profile2 C_ProfileIDRValue == Default | V613: C_WPCRvalue = Off -> On | Z613: Off -> On | AA613: Off -> On | AB613: OK
B614: WPC-기능-023~027 | C614: WPC(SW)-기능-18-382 | F614: C_AVN_ProfileIDRValue == Profile2 & b_WPCOption = On | J614: C_AVN_ProfileIDRValue == Default | N614: C_ProfileIDRValue == Profile1 & USM_WpcSetReq = Off | R614: C_AVN_ProfileIDRValue == Profile2 C_ProfileIDRValue == Default | V614: C_WPCRvalue = Off -> On | Z614: Off -> On | AA614: Off -> On | AB614: OK
B615: WPC-기능-023~027 | C615: WPC(SW)-기능-18-383 | F615: C_AVN_ProfileIDRValue == Profile2 & b_WPCOption = Off | J615: C_AVN_ProfileIDRValue == Default | N615: C_ProfileIDRValue == Guest & USM_WpcSetReq = On | R615: C_AVN_ProfileIDRValue == Profile2 C_ProfileIDRValue == Default | V615: C_WPCRvalue = On -> Off | Z615: On -> Off | AA615: On -> Off | AB615: OK
B616: WPC-기능-023~027 | C616: WPC(SW)-기능-18-384 | F616: C_AVN_ProfileIDRValue == Profile2 & b_WPCOption = Off | J616: C_AVN_ProfileIDRValue == Default | N616: C_ProfileIDRValue == Profile1 & USM_WpcSetReq = On | R616: C_AVN_ProfileIDRValue == Profile2 C_ProfileIDRValue == Default | V616: C_WPCRvalue = On -> Off | Z616: On -> Off | AA616: On -> Off | AB616: OK
B617: WPC-기능-023~027 | C617: WPC(SW)-기능-18-385 | F617: C_AVN_ProfileIDRValue == Default & b_WPCOption = On | J617: C_ProfileIDRValue == Guest | N617: C_WPCOnOffNValueset == Off | R617: C_ProfileIDRValue == Default | V617: C_WPCRvalue = On -> Off | Z617: On -> Off | AA617: On -> Off | AB617: OK | AC617: IAU,AVN 모두 타임아웃 또는 0x01/0x02/0x03이 아닐 경우 LAST PROFILE 기준 설정값(OLD VALUE)으로 동작
B618: WPC-기능-023~027 | C618: WPC(SW)-기능-18-386 | F618: C_AVN_ProfileIDRValue == Default & b_WPCOption = On | J618: C_ProfileIDRValue == Profile1 | N618: C_WPCOnOffNValueset == Off | R618: C_ProfileIDRValue == Default | V618: C_WPCRvalue = On -> Off | Z618: On -> Off | AA618: On -> Off | AB618: OK
B619: WPC-기능-023~027 | C619: WPC(SW)-기능-18-387 | F619: C_AVN_ProfileIDRValue == Default & b_WPCOption = On | J619: C_ProfileIDRValue == Profile2 | N619: C_WPCOnOffNValueset == Off | R619: C_ProfileIDRValue == Default | V619: C_WPCRvalue = On -> Off | Z619: On -> Off | AA619: On -> Off | AB619: OK
B620: WPC-기능-023~027 | C620: WPC(SW)-기능-18-388 | F620: C_AVN_ProfileIDRValue == Default & b_WPCOption = Off | J620: C_ProfileIDRValue == Guest | N620: C_WPCOnOffNValueset == On | R620: C_ProfileIDRValue == Default | V620: C_WPCRvalue = Off -> On | Z620: Off -> On | AA620: Off -> On | AB620: OK
B621: WPC-기능-023~027 | C621: WPC(SW)-기능-18-389 | F621: C_AVN_ProfileIDRValue == Default & b_WPCOption = Off | J621: C_ProfileIDRValue == Profile1 | N621: C_WPCOnOffNValueset == On | R621: C_ProfileIDRValue == Default | V621: C_WPCRvalue = Off -> On | Z621: Off -> On | AA621: Off -> On | AB621: OK
B622: WPC-기능-023~027 | C622: WPC(SW)-기능-18-390 | F622: C_AVN_ProfileIDRValue == Default & b_WPCOption = Off | J622: C_ProfileIDRValue == Profile2 | N622: C_WPCOnOffNValueset == On | R622: C_ProfileIDRValue == Default | V622: C_WPCRvalue = Off -> On | Z622: Off -> On | AA622: Off -> On | AB622: OK
B623: WPC-기능-023~027 | C623: WPC(SW)-기능-18-391 | F623: C_ProfileIDRValue == Default & b_WPCOption = On | J623: C_AVN_ProfileIDRValue == Guest | N623: C_WPCOnOffNValueset == Off | R623: C_AVN_ProfileIDRValue == Default | V623: C_WPCRvalue = On -> Off | Z623: On -> Off | AA623: On -> Off | AB623: OK
B624: WPC-기능-023~027 | C624: WPC(SW)-기능-18-392 | F624: C_ProfileIDRValue == Default & b_WPCOption = On | J624: C_AVN_ProfileIDRValue == Profile1 | N624: C_WPCOnOffNValueset == Off | R624: C_AVN_ProfileIDRValue == Default | V624: C_WPCRvalue = On -> Off | Z624: On -> Off | AA624: On -> Off | AB624: OK
B625: WPC-기능-023~027 | C625: WPC(SW)-기능-18-393 | F625: C_ProfileIDRValue == Default & b_WPCOption = On | J625: C_AVN_ProfileIDRValue == Profile2 | N625: C_WPCOnOffNValueset == Off | R625: C_AVN_ProfileIDRValue == Default | V625: C_WPCRvalue = On -> Off | Z625: On -> Off | AA625: On -> Off | AB625: OK
B626: WPC-기능-023~027 | C626: WPC(SW)-기능-18-394 | F626: C_ProfileIDRValue == Default & b_WPCOption = Off | J626: C_AVN_ProfileIDRValue == Guest | N626: C_WPCOnOffNValueset == On | R626: C_AVN_ProfileIDRValue == Default | V626: C_WPCRvalue = Off -> On | Z626: Off -> On | AA626: Off -> On | AB626: OK
B627: WPC-기능-023~027 | C627: WPC(SW)-기능-18-395 | F627: C_ProfileIDRValue == Default & b_WPCOption = Off | J627: C_AVN_ProfileIDRValue == Profile1 | N627: C_WPCOnOffNValueset == On | R627: C_AVN_ProfileIDRValue == Default | V627: C_WPCRvalue = Off -> On | Z627: Off -> On | AA627: Off -> On | AB627: OK
B628: WPC-기능-023~027 | C628: WPC(SW)-기능-18-396 | F628: C_ProfileIDRValue == Default & b_WPCOption = Off | J628: C_AVN_ProfileIDRValue == Profile2 | N628: C_WPCOnOffNValueset == On | R628: C_AVN_ProfileIDRValue == Default | V628: C_WPCRvalue = Off -> On | Z628: Off -> On | AA628: Off -> On | AB628: OK
B629: WPC-기능-023~027 | C629: WPC(SW)-기능-18-397 | F629: C_AVN_ProfileIDRValue == Default & b_WPCOption = On | J629: C_ProfileIDRValue == Guest | N629: USM_WpcSetReq = Off | R629: C_ProfileIDRValue == Default | V629: C_WPCRvalue = On -> Off | Z629: On -> Off | AA629: On -> Off | AB629: OK | AC629: IAU,AVN 모두 타임아웃 또는 0x01/0x02/0x03이 아닐 경우 LAST PROFILE 기준 설정값(OLD VALUE)으로 동작
B630: WPC-기능-023~027 | C630: WPC(SW)-기능-18-398 | F630: C_AVN_ProfileIDRValue == Default & b_WPCOption = On | J630: C_ProfileIDRValue == Profile1 | N630: USM_WpcSetReq = Off | R630: C_ProfileIDRValue == Default | V630: C_WPCRvalue = On -> Off | Z630: On -> Off | AA630: On -> Off | AB630: OK
B631: WPC-기능-023~027 | C631: WPC(SW)-기능-18-399 | F631: C_AVN_ProfileIDRValue == Default & b_WPCOption = On | J631: C_ProfileIDRValue == Profile2 | N631: USM_WpcSetReq = Off | R631: C_ProfileIDRValue == Default | V631: C_WPCRvalue = On -> Off | Z631: On -> Off | AA631: On -> Off | AB631: OK
B632: WPC-기능-023~027 | C632: WPC(SW)-기능-18-400 | F632: C_AVN_ProfileIDRValue == Default & b_WPCOption = Off | J632: C_ProfileIDRValue == Guest | N632: USM_WpcSetReq = On | R632: C_ProfileIDRValue == Default | V632: C_WPCRvalue = Off -> On | Z632: Off -> On | AA632: Off -> On | AB632: OK
B633: WPC-기능-023~027 | C633: WPC(SW)-기능-18-401 | F633: C_AVN_ProfileIDRValue == Default & b_WPCOption = Off | J633: C_ProfileIDRValue == Profile1 | N633: USM_WpcSetReq = On | R633: C_ProfileIDRValue == Default | V633: C_WPCRvalue = Off -> On | Z633: Off -> On | AA633: Off -> On | AB633: OK
B634: WPC-기능-023~027 | C634: WPC(SW)-기능-18-402 | F634: C_AVN_ProfileIDRValue == Default & b_WPCOption = Off | J634: C_ProfileIDRValue == Profile2 | N634: USM_WpcSetReq = On | R634: C_ProfileIDRValue == Default | V634: C_WPCRvalue = Off -> On | Z634: Off -> On | AA634: Off -> On | AB634: OK
B635: WPC-기능-023~027 | C635: WPC(SW)-기능-18-403 | F635: C_ProfileIDRValue == Default & b_WPCOption = On | J635: C_AVN_ProfileIDRValue == Guest | N635: USM_WpcSetReq = Off | R635: C_AVN_ProfileIDRValue == Default | V635: C_WPCRvalue = On -> Off | Z635: On -> Off | AA635: On -> Off | AB635: OK
B636: WPC-기능-023~027 | C636: WPC(SW)-기능-18-404 | F636: C_ProfileIDRValue == Default & b_WPCOption = On | J636: C_AVN_ProfileIDRValue == Profile1 | N636: USM_WpcSetReq = Off | R636: C_AVN_ProfileIDRValue == Default | V636: C_WPCRvalue = On -> Off | Z636: On -> Off | AA636: On -> Off | AB636: OK
B637: WPC-기능-023~027 | C637: WPC(SW)-기능-18-405 | F637: C_ProfileIDRValue == Default & b_WPCOption = On | J637: C_AVN_ProfileIDRValue == Profile2 | N637: USM_WpcSetReq = Off | R637: C_AVN_ProfileIDRValue == Default | V637: C_WPCRvalue = On -> Off | Z637: On -> Off | AA637: On -> Off | AB637: OK
B638: WPC-기능-023~027 | C638: WPC(SW)-기능-18-406 | F638: C_ProfileIDRValue == Default & b_WPCOption = Off | J638: C_AVN_ProfileIDRValue == Guest | N638: USM_WpcSetReq = On | R638: C_AVN_ProfileIDRValue == Default | V638: C_WPCRvalue = Off -> On | Z638: Off -> On | AA638: Off -> On | AB638: OK
B639: WPC-기능-023~027 | C639: WPC(SW)-기능-18-407 | F639: C_ProfileIDRValue == Default & b_WPCOption = Off | J639: C_AVN_ProfileIDRValue == Profile1 | N639: USM_WpcSetReq = On | R639: C_AVN_ProfileIDRValue == Default | V639: C_WPCRvalue = Off -> On | Z639: Off -> On | AA639: Off -> On | AB639: OK
B640: WPC-기능-023~027 | C640: WPC(SW)-기능-18-408 | F640: C_ProfileIDRValue == Default & b_WPCOption = Off | J640: C_AVN_ProfileIDRValue == Profile2 | N640: USM_WpcSetReq = On | R640: C_AVN_ProfileIDRValue == Default | V640: C_WPCRvalue = Off -> On | Z640: Off -> On | AA640: Off -> On | AB640: OK
B641: WPC-기능-023~027 | C641: WPC(SW)-기능-18-409 | F641: C_ProfileIDRValue == Guest & C_WPCOnOffNValueset == Off | J641: C_ProfileIDRValue == Default | N641: C_AVN_ProfileIDRValue == Profile1& C_WPCOnOffNValueset == On | R641: C_ProfileIDRValue == Guest | V641: C_WPCRvalue = Off -> On -> Off | Z641: Off | AA641: Off | AB641: OK | AC641: IAU와 AVN에서 모두 시그널이 수신될 경우 IAU 우선하여 PROFILE 설정
B642: WPC-기능-023~027 | C642: WPC(SW)-기능-18-410 | F642: C_ProfileIDRValue == Guest & C_WPCOnOffNValueset == Off | J642: C_ProfileIDRValue == Default | N642: C_AVN_ProfileIDRValue == Profile2& C_WPCOnOffNValueset == On | R642: C_ProfileIDRValue == Guest | V642: C_WPCRvalue = Off -> On -> Off | Z642: Off | AA642: Off | AB642: OK
B643: WPC-기능-023~027 | C643: WPC(SW)-기능-18-411 | F643: C_ProfileIDRValue == Guest & C_WPCOnOffNValueset == On | J643: C_ProfileIDRValue == Default | N643: C_AVN_ProfileIDRValue == Profile1& C_WPCOnOffNValueset == Off | R643: C_ProfileIDRValue == Guest | V643: C_WPCRvalue = On -> Off -> On | Z643: On | AA643: On | AB643: OK
B644: WPC-기능-023~027 | C644: WPC(SW)-기능-18-412 | F644: C_ProfileIDRValue == Guest & C_WPCOnOffNValueset == On | J644: C_ProfileIDRValue == Default | N644: C_AVN_ProfileIDRValue == Profile2& C_WPCOnOffNValueset == Off | R644: C_ProfileIDRValue == Guest | V644: C_WPCRvalue = On -> Off -> On | Z644: On | AA644: On | AB644: OK
B645: WPC-기능-023~027 | C645: WPC(SW)-기능-18-413 | F645: C_ProfileIDRValue == Profile1 & C_WPCOnOffNValueset == Off | J645: C_ProfileIDRValue == Default | N645: C_AVN_ProfileIDRValue == Guest & C_WPCOnOffNValueset == On | R645: C_ProfileIDRValue == Profile1 | V645: C_WPCRvalue = Off -> On -> Off | Z645: Off | AA645: Off | AB645: OK
B646: WPC-기능-023~027 | C646: WPC(SW)-기능-18-414 | F646: C_ProfileIDRValue == Profile1 & C_WPCOnOffNValueset == Off | J646: C_ProfileIDRValue == Default | N646: C_AVN_ProfileIDRValue == Profile2& C_WPCOnOffNValueset == On | R646: C_ProfileIDRValue == Profile1 | V646: C_WPCRvalue = Off -> On -> Off | Z646: Off | AA646: Off | AB646: OK
B647: WPC-기능-023~027 | C647: WPC(SW)-기능-18-415 | F647: C_ProfileIDRValue == Profile1 & C_WPCOnOffNValueset == On | J647: C_ProfileIDRValue == Default | N647: C_AVN_ProfileIDRValue == Guest & C_WPCOnOffNValueset == Off | R647: C_ProfileIDRValue == Profile1 | V647: C_WPCRvalue = On -> Off -> On | Z647: On | AA647: On | AB647: OK
B648: WPC-기능-023~027 | C648: WPC(SW)-기능-18-416 | F648: C_ProfileIDRValue == Profile1 & C_WPCOnOffNValueset == On | J648: C_ProfileIDRValue == Default | N648: C_AVN_ProfileIDRValue == Profile2& C_WPCOnOffNValueset == Off | R648: C_ProfileIDRValue == Profile1 | V648: C_WPCRvalue = On -> Off -> On | Z648: On | AA648: On | AB648: OK
B649: WPC-기능-023~027 | C649: WPC(SW)-기능-18-417 | F649: C_ProfileIDRValue == Profile2 & C_WPCOnOffNValueset == Off | J649: C_ProfileIDRValue == Default | N649: C_AVN_ProfileIDRValue == Guest & C_WPCOnOffNValueset == On | R649: C_ProfileIDRValue == Profile2 | V649: C_WPCRvalue = Off -> On -> Off | Z649: Off | AA649: Off | AB649: OK
B650: WPC-기능-023~027 | C650: WPC(SW)-기능-18-418 | F650: C_ProfileIDRValue == Profile2 & C_WPCOnOffNValueset == Off | J650: C_ProfileIDRValue == Default | N650: C_AVN_ProfileIDRValue == Profile1& C_WPCOnOffNValueset == On | R650: C_ProfileIDRValue == Profile2 | V650: C_WPCRvalue = Off -> On -> Off | Z650: Off | AA650: Off | AB650: OK
B651: WPC-기능-023~027 | C651: WPC(SW)-기능-18-419 | F651: C_ProfileIDRValue == Profile2 & C_WPCOnOffNValueset == On | J651: C_ProfileIDRValue == Default | N651: C_AVN_ProfileIDRValue == Guest & C_WPCOnOffNValueset == Off | R651: C_ProfileIDRValue == Profile2 | V651: C_WPCRvalue = On -> Off -> On | Z651: On | AA651: On | AB651: OK
B652: WPC-기능-023~027 | C652: WPC(SW)-기능-18-420 | F652: C_ProfileIDRValue == Profile2 & C_WPCOnOffNValueset == On | J652: C_ProfileIDRValue == Default | N652: C_AVN_ProfileIDRValue == Profile1& C_WPCOnOffNValueset == Off | R652: C_ProfileIDRValue == Profile2 | V652: C_WPCRvalue = On -> Off -> On | Z652: On | AA652: On | AB652: OK
B653: WPC-기능-023~027 | C653: WPC(SW)-기능-18-421 | F653: C_ProfileIDRValue == Guest & C_WPCOnOffNValueset == Off | J653: C_ProfileIDRValue == Default | N653: C_AVN_ProfileIDRValue == Profile1& USM_WpcSetReq = On | R653: C_ProfileIDRValue == Guest | V653: C_WPCRvalue = Off -> On -> Off | Z653: Off | AA653: Off | AB653: OK | AC653: IAU와 AVN에서 모두 시그널이 수신될 경우 IAU 우선하여 PROFILE 설정
B654: WPC-기능-023~027 | C654: WPC(SW)-기능-18-422 | F654: C_ProfileIDRValue == Guest & C_WPCOnOffNValueset == Off | J654: C_ProfileIDRValue == Default | N654: C_AVN_ProfileIDRValue == Profile2& USM_WpcSetReq = ON | R654: C_ProfileIDRValue == Guest | V654: C_WPCRvalue = Off -> On -> Off | Z654: Off | AA654: Off | AB654: OK
B655: WPC-기능-023~027 | C655: WPC(SW)-기능-18-423 | F655: C_ProfileIDRValue == Guest & C_WPCOnOffNValueset == On | J655: C_ProfileIDRValue == Default | N655: C_AVN_ProfileIDRValue == Profile1& USM_WpcSetReq = Off | R655: C_ProfileIDRValue == Guest | V655: C_WPCRvalue = On -> Off -> On | Z655: On | AA655: On | AB655: OK
B656: WPC-기능-023~027 | C656: WPC(SW)-기능-18-424 | F656: C_ProfileIDRValue == Guest & C_WPCOnOffNValueset == On | J656: C_ProfileIDRValue == Default | N656: C_AVN_ProfileIDRValue == Profile2& USM_WpcSetReq = Off | R656: C_ProfileIDRValue == Guest | V656: C_WPCRvalue = On -> Off -> On | Z656: On | AA656: On | AB656: OK
B657: WPC-기능-023~027 | C657: WPC(SW)-기능-18-425 | F657: C_ProfileIDRValue == Profile1 & C_WPCOnOffNValueset == Off | J657: C_ProfileIDRValue == Default | N657: C_AVN_ProfileIDRValue == Guest & USM_WpcSetReq = On | R657: C_ProfileIDRValue == Profile1 | V657: C_WPCRvalue = Off -> On -> Off | Z657: Off | AA657: Off | AB657: OK
B658: WPC-기능-023~027 | C658: WPC(SW)-기능-18-426 | F658: C_ProfileIDRValue == Profile1 & C_WPCOnOffNValueset == Off | J658: C_ProfileIDRValue == Default | N658: C_AVN_ProfileIDRValue == Profile2& USM_WpcSetReq = On | R658: C_ProfileIDRValue == Profile1 | V658: C_WPCRvalue = Off -> On -> Off | Z658: Off | AA658: Off | AB658: OK
B659: WPC-기능-023~027 | C659: WPC(SW)-기능-18-427 | F659: C_ProfileIDRValue == Profile1 & C_WPCOnOffNValueset == On | J659: C_ProfileIDRValue == Default | N659: C_AVN_ProfileIDRValue == Guest & USM_WpcSetReq = Off | R659: C_ProfileIDRValue == Profile1 | V659: C_WPCRvalue = On -> Off -> On | Z659: On | AA659: On | AB659: OK
B660: WPC-기능-023~027 | C660: WPC(SW)-기능-18-428 | F660: C_ProfileIDRValue == Profile1 & C_WPCOnOffNValueset == On | J660: C_ProfileIDRValue == Default | N660: C_AVN_ProfileIDRValue == Profile2& USM_WpcSetReq = Off | R660: C_ProfileIDRValue == Profile1 | V660: C_WPCRvalue = On -> Off -> On | Z660: On | AA660: On | AB660: OK
B661: WPC-기능-023~027 | C661: WPC(SW)-기능-18-429 | F661: C_ProfileIDRValue == Profile2 & C_WPCOnOffNValueset == Off | J661: C_ProfileIDRValue == Default | N661: C_AVN_ProfileIDRValue == Guest & USM_WpcSetReq = On | R661: C_ProfileIDRValue == Profile2 | V661: C_WPCRvalue = Off -> On -> Off | Z661: Off | AA661: Off | AB661: OK
B662: WPC-기능-023~027 | C662: WPC(SW)-기능-18-430 | F662: C_ProfileIDRValue == Profile2 & C_WPCOnOffNValueset == Off | J662: C_ProfileIDRValue == Default | N662: C_AVN_ProfileIDRValue == Profile1& USM_WpcSetReq = On | R662: C_ProfileIDRValue == Profile2 | V662: C_WPCRvalue = Off -> On -> Off | Z662: Off | AA662: Off | AB662: OK
B663: WPC-기능-023~027 | C663: WPC(SW)-기능-18-431 | F663: C_ProfileIDRValue == Profile2 & C_WPCOnOffNValueset == On | J663: C_ProfileIDRValue == Default | N663: C_AVN_ProfileIDRValue == Guest & USM_WpcSetReq = Off | R663: C_ProfileIDRValue == Profile2 | V663: C_WPCRvalue = On -> Off -> On | Z663: On | AA663: On | AB663: OK
B664: WPC-기능-023~027 | C664: WPC(SW)-기능-18-432 | F664: C_ProfileIDRValue == Profile2 & C_WPCOnOffNValueset == On | J664: C_ProfileIDRValue == Default | N664: C_AVN_ProfileIDRValue == Profile1& USM_WpcSetReq = Off | R664: C_ProfileIDRValue == Profile2 | V664: C_WPCRvalue = On -> Off -> On | Z664: On | AA664: On | AB664: OK
B665: WPC-기능-065~066 | C665: WPC(SW)-기능-18-433 | F665: C_ProfileIDRValue == Guest C_WPCAinmationNvalueSet == Type 2 | J665: C_ProfileIDRValue == Profile1 | N665: C_WPCAinmationNvalueSet == Type1 | R665: C_ProfileIDRValue == Guest | V665: C_WPCAinmationNvalueSet == Type1 -> Type 2 | Z665: ON | AA665: Type2 ON | AC665: IND Ainmation 적용사양
A666: I | B666: WPC-기능-065~066 | C666: WPC(SW)-기능-18-434 | F666: C_ProfileIDRValue == Guest C_WPCAinmationNvalueSet == Type 2 | J666: C_ProfileIDRValue == Profile2 | N666: C_WPCAinmationNvalueSet == Type1 | R666: C_ProfileIDRValue == Guest | V666: C_WPCAinmationNvalueSet == Type1 -> Type 2 | Z666: ON | AA666: Type2 ON
A667: I | B667: WPC-기능-065~066 | C667: WPC(SW)-기능-18-435 | F667: C_ProfileIDRValue == Profile1 C_WPCAinmationNvalueSet == Type 2 | J667: C_ProfileIDRValue == Guest | N667: C_WPCAinmationNvalueSet == Type1 | R667: C_ProfileIDRValue == Profile1 | V667: C_WPCAinmationNvalueSet == Type1 -> Type 2 | Z667: ON | AA667: Type2 ON
A668: I | B668: WPC-기능-065~066 | C668: WPC(SW)-기능-18-436 | F668: C_ProfileIDRValue == Profile1 C_WPCAinmationNvalueSet == Type 2 | J668: C_ProfileIDRValue == Profile2 | N668: C_WPCAinmationNvalueSet == Type1 | R668: C_ProfileIDRValue == Profile1 | V668: C_WPCAinmationNvalueSet == Type1 -> Type 2 | Z668: ON | AA668: Type2 ON
A669: I | B669: WPC-기능-065~066 | C669: WPC(SW)-기능-18-437 | F669: C_ProfileIDRValue == Profile2 C_WPCAinmationNvalueSet == Type 2 | J669: C_ProfileIDRValue == Guest | N669: C_WPCAinmationNvalueSet == Type1 | R669: C_ProfileIDRValue == Profile2 | V669: C_WPCAinmationNvalueSet == Type1 -> Type 2 | Z669: ON | AA669: Type2 ON
B670: WPC-기능-065~066 | C670: WPC(SW)-기능-18-438 | F670: C_ProfileIDRValue == Profile2 C_WPCAinmationNvalueSet == Type 2 | J670: C_ProfileIDRValue == Profile1 | N670: C_WPCAinmationNvalueSet == Type1 | R670: C_ProfileIDRValue == Profile2 | V670: C_WPCAinmationNvalueSet == Type1 -> Type 2 | Z670: ON | AA670: Type2 ON
B671: WPC-기능-065~066 | C671: WPC(SW)-기능-18-439 | F671: C_AVN_ProfileIDRValue == Guest C_WPCAinmationNvalueSet == Type 2 | J671: C_AVN_ProfileIDRValue == Profile1 | N671: C_WPCAinmationNvalueSet == Type1 | R671: C_AVN_ProfileIDRValue == Guest | V671: C_WPCAinmationNvalueSet == Type1 -> Type 2 | Z671: ON | AA671: Type2 ON
...

Sheet Over Temperature Detecting
B2: WPC Over Temperature Detecting Control Function
B4: WPC(SW)-기능-20, WPC(SW)-기능-21
B5: No | C5: 구분 | E5: 초기 조건 | I5: 평가조건1 | M5: 평가조건2 | Q5: 사양 결과 | U5: 충전상태 | V5: LED | W5: 결과 | X5: 비고
B7: WPC(SW)-기능-20-1 | E7: WPCStatus = WPC_Mode | I7: 1번 온도센서 70℃ 이상 5s 이내 | M7: 1번 온도센서 70℃ 미만 | Q7: 온도센서 고온감지 Off | U7: On | V7: On | W7: OK | AA7: 휴대폰 거치시에만 동작
B8: WPC(SW)-기능-20-2 | E8: WPCStatus = WPC_Mode | I8: 2번 온도센서 70℃ 이상 5s 이내 | M8: 2번 온도센서 70℃ 미만 | Q8: 온도센서 고온감지 Off | U8: On | V8: On | W8: N/A | AB8: 항목 수
B9: WPC(SW)-기능-20-3 | E9: WPCStatus = WPC_Mode | I9: 3번 온도센서 70℃ 이상 5s 이내 | M9: 3번 온도센서 70℃ 미만 | Q9: 온도센서 고온감지 Off | U9: On | V9: On | W9: N/A | AA9: 총 | AB9: =SUM(AB10:AB12) -> 45
B10: WPC(SW)-기능-20-4 | E10: WPCStatus = WPC_Mode | I10: 1번 온도센서 70℃ 이상 | M10: 1번 온도센서 70℃ 이상 5s 유지 | Q10: 온도센서 고온감지 Off | U10: On | V10: On | W10: OK | AA10: OK | AB10: =COUNTIF(W:W,"OK") -> 13
B11: WPC(SW)-기능-20-5 | E11: WPCStatus = WPC_Mode | I11: 2번 온도센서 70℃ 이상 | M11: 2번 온도센서 70℃ 이상 5s 유지 | Q11: 온도센서 고온감지 Off | U11: On | V11: On | W11: N/A | AA11: NG | AB11: =COUNTIF(W:W,"NG") -> 0
B12: WPC(SW)-기능-20-6 | E12: WPCStatus = WPC_Mode | I12: 3번 온도센서 70℃ 이상 | M12: 3번 온도센서 70℃ 이상 5s 유지 | Q12: 온도센서 고온감지 Off | U12: On | V12: On | W12: N/A | AA12: N/A | AB12: =COUNTIF(W:W,"N/A") -> 32
B13: WPC(SW)-기능-20-7 | E13: WPCStatus = WPC_Mode & 충전중 | I13: 1번 온도센서 70℃ 이상 5s 이내 | M13: 1번 온도센서 70℃ 미만 | Q13: 온도센서 고온감지 Off | U13: On | V13: On | W13: OK
B14: WPC(SW)-기능-20-8 | E14: WPCStatus = WPC_Mode & 충전중 | I14: 2번 온도센서 70℃ 이상 5s 이내 | M14: 2번 온도센서 70℃ 미만 | Q14: 온도센서 고온감지 Off | U14: On | V14: On | W14: N/A
B15: WPC(SW)-기능-20-9 | E15: WPCStatus = WPC_Mode & 충전중 | I15: 3번 온도센서 70℃ 이상 5s 이내 | M15: 3번 온도센서 70℃ 미만 | Q15: 온도센서 고온감지 Off | U15: On | V15: On | W15: N/A
B16: WPC(SW)-기능-20-10 | E16: WPCStatus = WPC_Mode & 충전중 | I16: 1번 온도센서 70℃ 이상 5s 이내 | M16: WPCStatus = NFC_Mode | Q16: 온도센서 고온감지 Off | U16: Off | V16: Off | W16: OK | X16: NFC 사양
B17: WPC(SW)-기능-20-11 | E17: WPCStatus = WPC_Mode & 충전중 | I17: 2번 온도센서 70℃ 이상 5s 이내 | M17: WPCStatus = NFC_Mode | Q17: 온도센서 고온감지 Off | U17: Off | V17: Off | W17: N/A | X17: NFC 사양 '미적용 사양
B18: WPC(SW)-기능-20-12 | E18: WPCStatus = WPC_Mode & 충전중 | I18: 3번 온도센서 70℃ 이상 5s 이내 | M18: WPCStatus = NFC_Mode | Q18: 온도센서 고온감지 Off | U18: Off | V18: Off | W18: N/A | X18: NFC 사양 '미적용 사양
B19: WPC(SW)-기능-20-13 | E19: WPCStatus = Off_Mode | I19: 1번 온도센서 70℃ 이상 5s 유지 | M19: WPCStatus = WPC_Mode & 충전중 | Q19: 온도센서 고온감지 On | U19: Off | V19: Blink 10회 | W19: OK
B20: WPC(SW)-기능-20-14 | E20: 윗case | I20: B+리셋 | M20: - | Q20: 온도센서 고온감지 On | U20: Off | V20: Blink 10회 | W20: OK
B21: WPC(SW)-기능-20-15 | E21: WPCStatus = NFC_Mode | I21: 1번 온도센서 70℃ 이상 5s 유지 | M21: WPCStatus = WPC_Mode & 충전중 | Q21: 온도센서 고온감지 On | U21: Off | V21: Blink 10회 | W21: OK | X21: NFC 사양
B22: WPC(SW)-기능-20-16 | E22: WPCStatus = WPC_Mode & 충전중 | I22: 1번 온도센서 70℃ 이상 5s 유지 | M22: - | Q22: 온도센서 고온감지 On | U22: Off | V22: Blink 10회 | W22: OK
B23: WPC(SW)-기능-20-17 | E23: 윗case | I23: 온도센서 고온감지 On 1분 이후 | M23: - | Q23: 온도센서 고온감지 On | U23: Off | V23: Off | W23: OK
B24: WPC(SW)-기능-20-18 | E24: 윗case | I24: WPCStatus = Off_Mode | M24: WPCStatus = WPC_Mode & 충전중 | Q24: 온도센서 고온감지 Off -> On | U24: Off | V24: Blink 10회 | W24: OK
B25: WPC(SW)-기능-20-19 | E25: 윗case | I25: WPCStatus = NFC_Mode | M25: WPCStatus = WPC_Mode & 충전중 | Q25: 온도센서 고온감지 Off -> On | U25: Off | V25: Blink 10회 | W25: OK | X25: NFC 사양
B26: WPC(SW)-기능-21-1 | E26: 윗case | I26: 1번 온도센서 65℃ 이하 5s 이내 | M26: 1번 온도센서 65℃ 초과 | Q26: 온도센서 고온감지 On 유지 | U26: Off | V26: Off | W26: OK
B27: WPC(SW)-기능-21-2 | E27: 윗case | I27: 1번 온도센서 65℃ 이하 5s 유지 | M27: ` | Q27: 온도센서 고온감지 Off | U27: On | V27: On | W27: OK
B28: WPC(SW)-기능-20-20 | E28: WPCStatus = Off_Mode | I28: 2번 온도센서 70℃ 이상 5s 유지 | M28: WPCStatus = WPC_Mode & 충전중 | Q28: 온도센서 고온감지 On | U28: Off | V28: Blink 10회 | W28: N/A
B29: WPC(SW)-기능-20-21 | E29: 윗case | I29: B+리셋 | M29: - | Q29: 온도센서 고온감지 On | U29: Off | V29: Blink 10회 | W29: N/A
B30: WPC(SW)-기능-20-22 | E30: WPCStatus = NFC_Mode | I30: 2번 온도센서 70℃ 이상 5s 유지 | M30: WPCStatus = WPC_Mode & 충전중 | Q30: 온도센서 고온감지 On | U30: Off | V30: Blink 10회 | W30: N/A | X30: NFC 사양 '미적용 사양
B31: WPC(SW)-기능-20-23 | E31: WPCStatus = WPC_Mode & 충전중 | I31: 2번 온도센서 70℃ 이상 5s 유지 | M31: - | Q31: 온도센서 고온감지 On | U31: Off | V31: Blink 10회 | W31: N/A
B32: WPC(SW)-기능-20-24 | E32: 윗case | I32: 온도센서 고온감지 On 1분 이후 | M32: - | Q32: 온도센서 고온감지 On | U32: Off | V32: Off | W32: N/A
B33: WPC(SW)-기능-20-25 | E33: 윗case | I33: WPCStatus = Off_Mode | M33: WPCStatus = WPC_Mode & 충전중 | Q33: 온도센서 고온감지 Off -> On | U33: Off | V33: Blink 10회 | W33: N/A
B34: WPC(SW)-기능-20-26 | E34: 윗case | I34: WPCStatus = NFC_Mode | M34: WPCStatus = WPC_Mode & 충전중 | Q34: 온도센서 고온감지 Off -> On | U34: Off | V34: Blink 10회 | W34: N/A | X34: NFC 사양 '미적용 사양
B35: WPC(SW)-기능-21-3 | E35: 윗case | I35: 2번 온도센서 65℃ 이하 5s 이내 | M35: 2번 온도센서 65℃ 초과 | Q35: 온도센서 고온감지 On 유지 | U35: Off | V35: Off | W35: N/A
B36: WPC(SW)-기능-21-4 | E36: 윗case | I36: 2번 온도센서 65℃ 이하 5s 유지 | M36: - | Q36: 온도센서 고온감지 Off | U36: On | V36: On | W36: N/A
B37: WPC(SW)-기능-20-27 | E37: WPCStatus = Off_Mode | I37: 3번 온도센서 70℃ 이상 5s 유지 | M37: WPCStatus = WPC_Mode & 충전중 | Q37: 온도센서 고온감지 On | U37: Off | V37: Blink 10회 | W37: N/A
B38: WPC(SW)-기능-20-28 | E38: 윗case | I38: B+리셋 | M38: - | Q38: 온도센서 고온감지 On | U38: Off | V38: Blink 10회 | W38: N/A
B39: WPC(SW)-기능-20-29 | E39: WPCStatus = NFC_Mode | I39: 3번 온도센서 70℃ 이상 5s 유지 | M39: WPCStatus = WPC_Mode & 충전중 | Q39: 온도센서 고온감지 On | U39: Off | V39: Blink 10회 | W39: N/A | X39: NFC 사양 '미적용 사양
B40: WPC(SW)-기능-20-30 | E40: WPCStatus = WPC_Mode & 충전중 | I40: 3번 온도센서 70℃ 이상 5s 유지 | M40: - | Q40: 온도센서 고온감지 On | U40: Off | V40: Blink 10회 | W40: N/A
B41: WPC(SW)-기능-20-31 | E41: 윗case | I41: 온도센서 고온감지 On 1분 이후 | M41: - | Q41: 온도센서 고온감지 On | U41: Off | V41: Off | W41: N/A
B42: WPC(SW)-기능-20-32 | E42: 윗case | I42: WPCStatus = Off_Mode | M42: WPCStatus = WPC_Mode & 충전중 | Q42: 온도센서 고온감지 Off -> On | U42: Off | V42: Blink 10회 | W42: N/A
B43: WPC(SW)-기능-20-33 | E43: 윗case | I43: WPCStatus = NFC_Mode | M43: WPCStatus = WPC_Mode & 충전중 | Q43: 온도센서 고온감지 Off -> On | U43: Off | V43: Blink 10회 | W43: N/A | X43: NFC 사양 '미적용 사양
B44: WPC(SW)-기능-21-5 | E44: 윗case | I44: 3번 온도센서 65℃ 이하 5s 이내 | M44: 3번 온도센서 65℃ 초과 | Q44: 온도센서 고온감지 On 유지 | U44: Off | V44: Off | W44: N/A
B45: WPC(SW)-기능-21-6 | E45: 윗case | I45: 3번 온도센서 65℃ 이하 5s 유지 | M45: - | Q45: 온도센서 고온감지 Off | U45: On | V45: On | W45: N/A
B46: WPC(SW)-기능-20-34 | E46: WPCStatus = WPC_Mode & 충전중 | I46: 모든 온도센서 70℃ 이상 5s 유지 | M46: 1번 온도센서 65℃ 이하 5s 유지 | Q46: 온도센서 고온감지 On 유지 | U46: Off | V46: Off | W46: N/A
B47: WPC(SW)-기능-20-35 | E47: WPCStatus = WPC_Mode & 충전중 | I47: 모든 온도센서 70℃ 이상 5s 유지 | M47: 2번 온도센서 65℃ 이하 5s 유지 | Q47: 온도센서 고온감지 On 유지 | U47: Off | V47: Off | W47: N/A
B48: WPC(SW)-기능-20-36 | E48: WPCStatus = WPC_Mode & 충전중 | I48: 모든 온도센서 70℃ 이상 5s 유지 | M48: 3번 온도센서 65℃ 이하 5s 유지 | Q48: 온도센서 고온감지 On 유지 | U48: Off | V48: Off | W48: N/A
B49: WPC(SW)-기능-20-37 | E49: WPCStatus = WPC_Mode & 충전중 | I49: 모든 온도센서 70℃ 이상 5s 유지 | M49: 1번 온도센서 65℃ 이하 5s 유지 | Q49: 온도센서 고온감지 On 유지 | U49: Off | V49: Off | W49: N/A
B50: WPC(SW)-기능-21-7 | E50: 윗case | I50: 2번 온도센서 65℃ 이하 5s 유지 | M50: - | Q50: 온도센서 고온감지 On 유지 | U50: Off | V50: Off | W50: N/A
B51: WPC(SW)-기능-21-8 | E51: 윗case | I51: 3번 온도센서 65℃ 이하 5s 유지 | M51: - | Q51: 온도센서 고온감지 Off | U51: On | V51: On | W51: N/A

Sheet Phone Left Detecting Control
B2: Phone Left Detecting Control
B4: WPC(SW)-기능-48
B5: No | C5: 구분 | E5: 초기 조건 | I5: 평가조건1 | M5: 평가조건2 | Q5: 사양 결과 | U5: 충전상태 | V5: LED | W5: 결과 | X5: 비고
AB6: 항목 수
B7: WPC(SW)-기능-48-1 | C7: IGN ON | E7: WPCStatus = WPC_Mode | I7: 휴대폰 뒷면 NFC 카드 미 장착 | M7: 휴대폰 거치 | Q7: Output_PhoneLeftWarningWPCStatus == Charging | U7: On | V7: On | W7: OK | AA7: 총 | AB7: =SUM(AB8:AB10) -> 11
B8: WPC(SW)-기능-48-2 | E8: WPCStatus = WPC_Mode | I8: 휴대폰 뒷면 NFC 카드(1개) 장착 | M8: 휴대폰 거치 | Q8: Output_PhoneLeftWarningWPCStatus == NFC Card detected | U8: OFF | V8: OFF | W8: OK | AA8: OK | AB8: =COUNTIF(W7:W22,"OK") -> 11
B9: WPC(SW)-기능-48-3 | E9: WPCStatus = WPC_Mode | I9: 휴대폰 뒷면 NFC 카드(2개) 장착 | M9: 휴대폰 거치 | Q9: Output_PhoneLeftWarningWPCStatus == NFC Card detected | U9: OFF | V9: OFF | W9: OK | AA9: NG | AB9: =COUNTIF(W7:W22,"NG") -> 0
B10: WPC(SW)-기능-48-4 | E10: WPCStatus = WPC_Mode | I10: 휴대폰 뒷면 NFC 카드(3개) 장착 | M10: 휴대폰 거치 | Q10: Output_PhoneLeftWarningWPCStatus == NFC Card detected | U10: OFF | V10: OFF | W10: OK | AA10: N/A | AB10: =COUNTIF(W7:W26,"N/A") -> 0
B11: WPC(SW)-기능-48-5 | E11: WPCStatus = WPC_Mode | I11: 휴대폰 뒷면 NFC 카드(4개) 장착 | M11: 휴대폰 거치 | Q11: Output_PhoneLeftWarningWPCStatus == NFC Card detected | U11: OFF | V11: OFF | W11: OK
B12: WPC(SW)-기능-48-6 | E12: WPCStatus = WPC_Mode | I12: 휴대폰 뒷면 NFC 카드(5개) 장착 | M12: 휴대폰 거치 | Q12: Output_PhoneLeftWarningWPCStatus == NFC Card detected | U12: OFF | V12: OFF | W12: OK
B13: WPC(SW)-기능-48-7 | E13: WPCStatus = WPC_Mode | I13: 충전 중 | M13: 휴대폰 뒷면 NFC 카드(1개) 장착 | Q13: Output_PhoneLeftWarningWPCStatus == NFC Card detected | U13: OFF | V13: OFF | W13: OK
B14: WPC(SW)-기능-48-7 | E14: WPCStatus = WPC_Mode | I14: 충전 중 | M14: 휴대폰 뒷면 NFC 카드(2개) 장착 | Q14: Output_PhoneLeftWarningWPCStatus == NFC Card detected | U14: OFF | V14: OFF | W14: OK
B15: WPC(SW)-기능-48-8 | E15: WPCStatus = WPC_Mode | I15: 충전 중 | M15: 휴대폰 뒷면 NFC 카드(3개) 장착 | Q15: Output_PhoneLeftWarningWPCStatus == NFC Card detected | U15: OFF | V15: OFF | W15: OK
B16: WPC(SW)-기능-48-9 | E16: WPCStatus = WPC_Mode | I16: 충전 중 | M16: 휴대폰 뒷면 NFC 카드(4개) 장착 | Q16: Output_PhoneLeftWarningWPCStatus == NFC Card detected | U16: OFF | V16: OFF | W16: OK
B17: WPC(SW)-기능-48-10 | E17: WPCStatus = WPC_Mode | I17: 충전 중 | M17: 휴대폰 뒷면 NFC 카드(5개) 장착 | Q17: Output_PhoneLeftWarningWPCStatus == NFC Card detected | U17: OFF | V17: OFF | W17: OK

Sheet FOD Control
B2: WPC FOD(Foreign Object Detect) Control Function
B4: WPC(SW)-기능-22,WPC(SW)-기능-23
B5: No | C5: 구분 | E5: 초기 조건 | I5: 평가조건1 | M5: 평가조건2 | Q5: 사양 결과 | U5: 충전상태 | V5: LED | W5: 결과 | X5: 비고 | AB5: 항목 수
AA6: 총 | AB6: =SUM(AB7:AB9) -> 9
B7: WPC(SW)-기능-22-1 | C7: b_WPC PowerOn = On | E7: 이물질 거치 | I7: 휴대폰 거치 | M7: PowerLoss 1400mW 이상 5초 미유지 | Q7: FODFault = Off | U7: On | V7: On | W7: OK | AA7: OK | AB7: =COUNTIF(W7:W15,"OK") -> 7
B8: WPC(SW)-기능-22-2 | E8: 이물질 거치 | I8: 휴대폰 거치 | M8: PowerLoss 1400mW 이상 5초 유지 | Q8: FODFault = On | U8: Off | V8: Blink | W8: OK | AA8: NG | AB8: =COUNTIF(W7:W15,"NG") -> 0
B9: WPC(SW)-기능-22-3 | E9: 윗case | I9: FOD진입후 1분 대기 | M9: - | Q9: FODFault = Off | U9: On | V9: On | W9: OK | AA9: N/A | AB9: =COUNTIF(W8:W16,"N/A") -> 2
B10: WPC(SW)-기능-23-1 | E10: 윗case | I10: Any Door Open | M10: - | Q10: FODFault = On 유지 | U10: Off | V10: Off | W10: OK | X10: RKE 사양
B11: WPC(SW)-기능-23-2 | E11: 윗case | I11: SMK Option = On | M11: Any Door Open -> Clese | Q11: FODFault = On | U11: Off | V11: Blink | W11: OK | X11: SMK 사양
B12: WPC(SW)-기능-23-3 | E12: 윗 case | I12: 휴대폰 제거 후 재거치 | M12: - | Q12: FODFault = On | U12: Off | V12: Blink | W12: OK
B13: WPC(SW)-기능-22-4 | E13: 윗 case | I13: 이물질 제거 | M13: - | Q13: FODFault = Off | U13: On | V13: On | W13: OK
B14: WPC(SW)-기능-22-5 | E14: C_WPCAinmationNvalueSet == Type 2 | I14: 이물질 거치 및 휴대폰 거치 | M14: Blink 동작 중 | Q14: C_WPCAinmationNvalueSet == Type 1 변경 | U14: Off | V14: Blink | W14: N/A
B15: WPC(SW)-기능-22-6 | E15: C_WPCAinmationNvalueSet == Type 1 | I15: 이물질 거치 및 휴대폰 거치 | M15: Blink 동작 중 | Q15: C_WPCAinmationNvalueSet == Type 2 변경 | U15: Off | V15: Blink | W15: N/A

Sheet SW_Version_Output
B2: SW_Version_Output
B4: No | C4: 구분 | E4: 초기 조건 | I4: 평가조건1 | M4: 평가조건2 | Q4: 사양 결과 | U4: 결과 | V4: 비고 | Z4: 항목 수
Y5: 총 | Z5: =SUM(Z6:Z8) -> 6
C6: B+ | E6: IGN ON | I6: Output_WPCSWVerMajor1 | Q6: ASCII CODE | U6: OK | V6: "A" 버전 확인 | Y6: OK | Z6: =COUNTIF(U6:U11,"OK") -> 6
E7: IGN ON | I7: Output_WPCSWVerMinor1 | Q7: ASCII CODE | U7: OK | V7: "0" 버전 확인 | Y7: NG | Z7: =COUNTIF(U6:U11,"NG") -> 0
E8: IGN ON | I8: Output_WPCSWVerMinor2 | Q8: ASCII CODE | U8: OK | V8: "3" 버전 확인 | Y8: N/A | Z8: =COUNTIF(U7:U12,"N/A") -> 0
E9: IGN ON | I9: Output_WPC2SWVerMajor1 | Q9: ASCII CODE | U9: OK | V9: "A" 버전 확인
E10: IGN ON | I10: Output_WPC2SWVerMinor1 | Q10: ASCII CODE | U10: OK | V10: "0" 버전 확인
E11: IGN ON | I11: Output_WPC2SWVerMinor2 | Q11: ASCII CODE | U11: OK | V11: "3" 버전 확인

Sheet VCRM_Output
B2: VCRM_Output
B4: No | C4: 구분 | E4: 초기 조건 | I4: 평가조건1 | M4: 평가조건2 | Q4: 사양 결과 | U4: 결과 | V4: 비고 | Z4: 항목 수
Y5: 총 | Z5: =SUM(Z6:Z8) -> 13
C6: B+ | E6: IGN ON | I6: 휴대폰 충전중(100%미만) | Q6: 분단위로 COUNT 될 것 (신호명 : WPC_PhnUsingTime) | U6: OK | Y6: OK | Z6: =COUNTIF(U6:U24,"OK") -> 13
E7: IGN ON | I7: 휴대폰 충전중(100%상태) | Q7: Charging complete 출력시 횟수를 count 될 것 (신호명 : WPC_PhnChargingCompleteCnt) | U7: OK | Y7: NG | Z7: =COUNTIF(U6:U22,"NG") -> 0
E8: IGN ON | I8: EPP 휴대폰 충전 중 | Q8: Charging 출력시 발생 횟수 count (신호명 : WPC_EPPChargingCnt) | U8: OK | Y8: N/A | Z8: =COUNTIF(U6:U26,"N/A") -> 0
E9: IGN ON | I9: MPP 휴대폰 충전 중 | Q9: Charging 출력시 발생 횟수 count (신호명 : WPC_MPPChargingCnt) | U9: OK
E10: IGN ON | I10: NFC Mode에서 Phone,Card WPC_Device_On_Cmd == 0x1(Phone) 또는 0x2(Card) 수신시 | Q10: WPC_DigitalKeyAuth == Auth by Digital Key | U10: OK
E11: IGN ON | I11: 위 CASE | Q11: NFC 감지 되었던 디비아이스 송신 될 것WPC_DigitalKeyDevice | U11: OK
E12: IGN ON | I12: FOD 기능 동작 | Q12: FOD 기능 동작시 COUNT 될 것 (신호명 : WPC_PhnChargingErrCnt) | U12: OK
E13: IGN ON | I13: Coil 온도 변경 | Q13: 온도 세서의 최대 측정 온도값을 저장 (신호명 : WPC_ThermalSnsrMaxTemp) | U13: OK
E14: IGN ON | I14: CAN BUS OFF | M14: IGN OFF | Q14: WPC_CANBusOffDTC = DTC Set | U14: OK
E15: IGN ON | I15: Local CAN BUS OFF | M15: IGN OFF | Q15: WPC_LocalCANBusOffDTC = DTC Set | U15: OK
E16: IGN ON | I16: 온도 센서 단락 | M16: IGN OFF | Q16: WPC_TempSnsrFltDTC = DTC Set | U16: OK
E17: IGN ON | I17: FAN 고장 | M17: IGN OFF | Q17: WPC_FANFltDTC = DTC Set | U17: OK
E18: IGN ON | I18: ECU 고장 | M18: IGN OFF | Q18: WPC_InternalECUErrDTC = DTC Set | U18: OK

Sheet FAN Control
B2: WPC FAN Control Function
B4: No | C4: 구분 | E4: 초기 조건 | I4: 평가조건1 | M4: 평가조건2 | Q4: 평가조건3 | U4: 사양 결과 | Y4: 결과 | Z4: 비고
B6: 1 | C6: b_WPCOption = On | E6: 휴대폰 미거치 | I6: L_IGN1_IN = On | M6: - | Q6: - | U6: FAN 미동작 | Y6: N/A | AD6: 항목 수
B7: 2 | E7: 휴대폰 거치 | I7: L_IGN1_IN = On | M7: 차속 10km 미만 | Q7: - | U7: FAN Duty 20% 동작 | Y7: N/A | AC7: 총 | AD7: =SUM(AD8:AD10) -> 265
B8: 3 | E8: 윗 case | I8: B+ 리셋 | M8: - | Q8: - | U8: FAN Duty 20% 동작 | Y8: N/A | AC8: OK | AD8: =COUNTIF(Y:Y,"OK") -> 28
B9: 4 | E9: 휴대폰 거치 | I9: L_IGN1_IN = On | M9: 차속 10km 이상 진입 | Q9: C_EngineState == Engine Stop | U9: FAN Duty 20% 동작 | Y9: N/A | AC9: NG | AD9: =COUNTIF(Y:Y,"NG") -> 0
B10: 5 | E10: 휴대폰 거치 | I10: L_IGN1_IN = On | M10: 차속 10km 이상 진입 | Q10: C_EngineState == Cranking | U10: FAN Duty 20% 동작 | Y10: N/A | AC10: N/A | AD10: =COUNTIF(Y:Y,"N/A") -> 237
B11: 6 | E11: 휴대폰 거치 | I11: L_IGN1_IN = On | M11: 차속 10km 이상 진입 | Q11: C_EngineState == StAlled | U11: FAN Duty 20% 동작 | Y11: N/A
B12: 7 | E12: 휴대폰 거치 | I12: L_IGN1_IN = On | M12: 차속 10km 이상 진입 | Q12: C_EngineState == Engine Running | U12: FAN Duty 50% 동작 | Y12: N/A
B13: 8 | E13: 윗 case | I13: B+ 리셋 | M13: - | Q13: - | U13: FAN Duty 50% 동작 | Y13: N/A
B14: 9 | E14: 휴대폰 거치 | I14: L_IGN1_IN = On | M14: 차속 55km 이상 진입 | Q14: C_EngineState == Engine Stop | U14: FAN Duty 20% 동작 | Y14: N/A
B15: 10 | E15: 휴대폰 거치 | I15: L_IGN1_IN = On | M15: 차속 55km 이상 진입 | Q15: C_EngineState == Cranking | U15: FAN Duty 20% 동작 | Y15: N/A
B16: 11 | E16: 휴대폰 거치 | I16: L_IGN1_IN = On | M16: 차속 55km 이상 진입 | Q16: C_EngineState == StAlled | U16: FAN Duty 20% 동작 | Y16: N/A
B17: 12 | E17: 휴대폰 거치 | I17: L_IGN1_IN = On | M17: 차속 55km 이상 진입 | Q17: C_EngineState == Engine Running | U17: FAN Duty 70% 동작 | Y17: N/A
B18: 13 | E18: 윗 case | I18: B+ 리셋 | M18: - | Q18: - | U18: FAN Duty 70% 동작 | Y18: N/A
B19: 14 | E19: FAN Duty 50% 동작 | I19: 차속 5km 미만 | M19: - | Q19: - | U19: FAN Duty 20% 동작 | Y19: N/A
B20: 15 | E20: FAN Duty 50% 동작 | I20: C_EngineState == Engine Stop | M20: - | Q20: - | U20: FAN Duty 20% 동작 | Y20: N/A
B21: 16 | E21: FAN Duty 50% 동작 | I21: C_EngineState == Cranking | M21: - | Q21: - | U21: FAN Duty 50% 동작 유지 | Y21: N/A
B22: 17 | E22: FAN Duty 50% 동작 | I22: C_EngineState == StAlled | M22: - | Q22: - | U22: FAN Duty 50% 동작 유지 | Y22: N/A
... B31: 26 | E31: FAN Duty 70% 동작 | I31: 차속 Error 수신 | M31: - | Q31: - | U31: FAN Duty 20% 동작 | Y31: N/A
B32: 27 | E32: FAN Duty 20% 동작 | I32: WPCStatus = NFCMode | M32: - | Q32: - | U32: FAN Duty 20% 동작 -> FAN OFF | Y32: N/A | Z32: NFC사양
B33: 28 | E33: FAN Duty 50% 동작 | I33: WPCStatus = NFCMode | M33: - | Q33: - | U33: FAN Duty 50% 동작 -> FAN OFF | Y33: N/A | Z33: NFC사양
B34: 29 | E34: FAN Duty 70% 동작 | I34: WPCStatus = NFCMode | M34: - | Q34: - | U34: FAN Duty 70% 동작 -> FAN OFF | Y34: N/A | Z34: NFC사양
B35: 30 | E35: FAN Duty 20% 동작 | I35: WPCStatus = Off | M35: - | Q35: - | U35: FAN Duty 20% 동작 -> FAN OFF | Y35: N/A
B36: 31 | E36: FAN Duty 50% 동작 | I36: WPCStatus = Off | M36: - | Q36: - | U36: FAN Duty 50% 동작 -> FAN OFF | Y36: N/A
B37: 32 | E37: FAN Duty 70% 동작 | I37: WPCStatus = Off | M37: - | Q37: - | U37: FAN Duty 70% 동작 -> FAN OFF | Y37: N/A
B38: 33 | E38: FAN Duty 20% 동작 | I38: 휴대폰 제거 | M38: - | Q38: - | U38: FAN Duty 20% 동작 -> FAN OFF | Y38: N/A
B39: 34 | E39: FAN Duty 50% 동작 | I39: 휴대폰 제거 | M39: - | Q39: - | U39: FAN Duty 50% 동작 -> FAN OFF | Y39: N/A
B40: 35 | E40: FAN Duty 70% 동작 | I40: 휴대폰 제거 | M40: - | Q40: - | U40: FAN Duty 70% 동작 -> FAN OFF | Y40: N/A
B41: 36 | C41: FAN Duty 4단계 | E41: 휴대폰 미거치 | I41: L_IGN1_IN = On | M41: - | Q41: - | U41: FAN 미동작 | Y41: N/A
B42: 37 | E42: 휴대폰 거치 | I42: L_IGN1_IN = On | M42: 차속 10km 미만 | Q42: - | U42: FAN Duty 20% 동작 | Y42: N/A
B43: 38 | E43: 윗 case | I43: B+ 리셋 | M43: - | Q43: - | U43: FAN Duty 20% 동작 | Y43: N/A
B44: 39 | E44: 휴대폰 거치 | I44: L_IGN1_IN = On | M44: 차속 10km 이상 진입 | Q44: C_EngineState == Engine Stop | U44: FAN Duty 20% 동작 | Y44: N/A
B45: 40 | E45: 휴대폰 거치 | I45: L_IGN1_IN = On | M45: 차속 10km 이상 진입 | Q45: C_EngineState == Cranking | U45: FAN Duty 20% 동작 | Y45: N/A
B46: 41 | E46: 휴대폰 거치 | I46: L_IGN1_IN = On | M46: 차속 10km 이상 진입 | Q46: C_EngineState == StAlled | U46: FAN Duty 20% 동작 | Y46: N/A
B47: 42 | E47: 휴대폰 거치 | I47: L_IGN1_IN = On | M47: 차속 10km 이상 진입 | Q47: C_EngineState == Engine Running | U47: FAN Duty 50% 동작 | Y47: N/A
B48: 43 | E48: 윗 case | I48: B+ 리셋 | M48: - | Q48: - | U48: FAN Duty 50% 동작 | Y48: N/A
B49: 44 | E49: 휴대폰 거치 | I49: L_IGN1_IN = On | M49: 차속 55km 이상 진입 | Q49: C_EngineState == Engine Stop | U49: FAN Duty 20% 동작 | Y49: N/A
B50: 45 | E50: 휴대폰 거치 | I50: L_IGN1_IN = On | M50: 차속 55km 이상 진입 | Q50: C_EngineState == Cranking | U50: FAN Duty 20% 동작 | Y50: N/A
B51: 46 | E51: 휴대폰 거치 | I51: L_IGN1_IN = On | M51: 차속 55km 이상 진입 | Q51: C_EngineState == StAlled | U51: FAN Duty 20% 동작 | Y51: N/A
B52: 47 | E52: 휴대폰 거치 | I52: L_IGN1_IN = On | M52: 차속 55km 이상 진입 | Q52: C_EngineState == Engine Running | U52: FAN Duty 70% 동작 | Y52: N/A
B53: 48 | E53: 윗 case | I53: B+ 리셋 | M53: - | Q53: - | U53: FAN Duty 70% 동작 | Y53: N/A
... B79: 74 | E79: FAN Duty 90% 동작 | I79: 차속 Error 수신 | M79: - | Q79: - | U79: FAN Duty 20% 동작 | Y79: N/A
B80: 75 | E80: FAN Duty 20% 동작 | I80: WPCStatus = NFCMode | M80: - | Q80: - | U80: FAN Duty 20% 동작 -> FAN OFF | Y80: N/A | Z80: NFC사양
B81: 76 | E81: FAN Duty 50% 동작 | I81: WPCStatus = NFCMode | M81: - | Q81: - | U81: FAN Duty 50% 동작 -> FAN OFF | Y81: N/A | Z81: NFC사양
B82: 77 | E82: FAN Duty 70% 동작 | I82: WPCStatus = NFCMode | M82: - | Q82: - | U82: FAN Duty 70% 동작 -> FAN OFF | Y82: N/A | Z82: NFC사양
B83: 78 | E83: FAN Duty 90% 동작 | I83: WPCStatus = NFCMode | M83: - | Q83: - | U83: FAN Duty 90% 동작 -> FAN OFF | Y83: N/A | Z83: NFC사양
B84: 79 | E84: FAN Duty 20% 동작 | I84: WPCStatus = Off | M84: - | Q84: - | U84: FAN Duty 20% 동작 -> FAN OFF | Y84: N/A
B85: 80 | E85: FAN Duty 50% 동작 | I85: WPCStatus = Off | M85: - | Q85: - | U85: FAN Duty 50% 동작 -> FAN OFF | Y85: N/A
B86: 81 | E86: FAN Duty 70% 동작 | I86: WPCStatus = Off | M86: - | Q86: - | U86: FAN Duty 70% 동작 -> FAN OFF | Y86: N/A
B87: 82 | E87: FAN Duty 90% 동작 | I87: WPCStatus = Off | M87: - | Q87: - | U87: FAN Duty 90% 동작 -> FAN OFF | Y87: N/A
B88: 83 | E88: FAN Duty 20% 동작 | I88: 휴대폰 제거 | M88: - | Q88: - | U88: FAN Duty 20% 동작 -> FAN OFF | Y88: N/A
B89: 84 | E89: FAN Duty 50% 동작 | I89: 휴대폰 제거 | M89: - | Q89: - | U89: FAN Duty 50% 동작 -> FAN OFF | Y89: N/A
B90: 85 | E90: FAN Duty 70% 동작 | I90: 휴대폰 제거 | M90: - | Q90: - | U90: FAN Duty 70% 동작 -> FAN OFF | Y90: N/A
B91: 86 | E91: FAN Duty 90% 동작 | I91: 휴대폰 제거 | M91: - | Q91: - | U91: FAN Duty 90% 동작 -> FAN OFF | Y91: N/A
B92: 87 | C92: CAN 3세대 HEV차종 | E92: 휴대폰 미거치 | I92: L_IGN1_IN = On | M92: - | Q92: - | U92: FAN 미동작 | Y92: N/A
B93: 88 | E93: 휴대폰 거치 | I93: L_IGN1_IN = On | M93: 차속 10km 미만 | Q93: - | U93: FAN Duty 20% 동작 | Y93: N/A
B94: 89 | E94: 윗 case | I94: B+ 리셋 | M94: - | Q94: - | U94: FAN Duty 20% 동작 | Y94: N/A
B95: 90 | E95: 휴대폰 거치 | I95: L_IGN1_IN = On | M95: 차속 10km 이상 진입 | Q95: HEV_EngOpSta == ES(Engine Stop) | U95: FAN Duty 20% 동작 | Y95: N/A
B96: 91 | E96: 휴대폰 거치 | I96: L_IGN1_IN = On | M96: 차속 10km 이상 진입 | Q96: HEV_EngOpSta == ST(Start) | U96: FAN Duty 20% 동작 | Y96: N/A
B97: 92 | E97: 휴대폰 거치 | I97: L_IGN1_IN = On | M97: 차속 10km 이상 진입 | Q97: HEV_EngOpSta == IS(Idle speed) | U97: FAN Duty 50% 동작 | Y97: N/A
B98: 93 | E98: 휴대폰 거치 | I98: L_IGN1_IN = On | M98: 차속 10km 이상 진입 | Q98: HEV_EngOpSta == PL(Part Load) | U98: FAN Duty 50% 동작 | Y98: N/A
B99: 94 | E99: 휴대폰 거치 | I99: L_IGN1_IN = On | M99: 차속 10km 이상 진입 | Q99: HEV_EngOpSta == PU(Pull) | U99: FAN Duty 50% 동작 | Y99: N/A
B100: 95 | E100: 휴대폰 거치 | I100: L_IGN1_IN = On | M100: 차속 10km 이상 진입 | Q100: HEV_EngOpSta == PUC(Fuel Cut off) | U100: FAN Duty 50% 동작 | Y100: N/A
B101: 96 | E101: 윗 case | I101: B+ 리셋 | M101: - | Q101: - | U101: FAN Duty 50% 동작 | Y101: N/A
B102: 97 | E102: 휴대폰 거치 | I102: L_IGN1_IN = On | M102: 차속 55km 이상 진입 | Q102: HEV_EngOpSta == ES(Engine Stop) | U102: FAN Duty 20% 동작 | Y102: N/A
B103: 98 | E103: 휴대폰 거치 | I103: L_IGN1_IN = On | M103: 차속 55km 이상 진입 | Q103: HEV_EngOpSta == ST(Start) | U103: FAN Duty 20% 동작 | Y103: N/A
B104: 99 | E104: 휴대폰 거치 | I104: L_IGN1_IN = On | M104: 차속 55km 이상 진입 | Q104: HEV_EngOpSta == IS(Idle speed) | U104: FAN Duty 70% 동작 | Y104: N/A
... B127: 122 | E127: FAN Duty 70% 동작 | I127: 차속 Error 수신 | M127: - | Q127: - | U127: FAN Duty 20% 동작 | Y127: N/A
B128: 123 | E128: FAN Duty 20% 동작 | I128: WPCStatus = NFCMode | M128: - | Q128: - | U128: FAN Duty 20% 동작 -> FAN OFF | Y128: N/A | Z128: NFC사양
B129: 124 | E129: FAN Duty 50% 동작 | I129: WPCStatus = NFCMode | M129: - | Q129: - | U129: FAN Duty 50% 동작 -> FAN OFF | Y129: N/A | Z129: NFC사양
B130: 125 | E130: FAN Duty 70% 동작 | I130: WPCStatus = NFCMode | M130: - | Q130: - | U130: FAN Duty 70% 동작 -> FAN OFF | Y130: N/A | Z130: NFC사양
B131: 126 | E131: FAN Duty 20% 동작 | I131: WPCStatus = Off | M131: - | Q131: - | U131: FAN Duty 20% 동작 -> FAN OFF | Y131: N/A
B132: 127 | E132: FAN Duty 50% 동작 | I132: WPCStatus = Off | M132: - | Q132: - | U132: FAN Duty 50% 동작 -> FAN OFF | Y132: N/A
B133: 128 | E133: FAN Duty 70% 동작 | I133: WPCStatus = Off | M133: - | Q133: - | U133: FAN Duty 70% 동작 -> FAN OFF | Y133: N/A
B134: 129 | E134: FAN Duty 20% 동작 | I134: 휴대폰 제거 | M134: - | Q134: - | U134: FAN Duty 20% 동작 -> FAN OFF | Y134: N/A
B135: 130 | E135: FAN Duty 50% 동작 | I135: 휴대폰 제거 | M135: - | Q135: - | U135: FAN Duty 50% 동작 -> FAN OFF | Y135: N/A
B136: 131 | E136: FAN Duty 70% 동작 | I136: 휴대폰 제거 | M136: - | Q136: - | U136: FAN Duty 70% 동작 -> FAN OFF | Y136: N/A
B137: 132 | C137: CAN 3세대 HEV차종 FAN Duty 4단계 | E137: 휴대폰 미거치 | I137: L_IGN1_IN = On | M137: - | Q137: - | U137: FAN 미동작 | Y137: N/A
B138: 133 | E138: 휴대폰 거치 | I138: L_IGN1_IN = On | M138: 차속 10km 미만 | Q138: - | U138: FAN Duty 20% 동작 | Y138: N/A
B139: 134 | E139: 윗 case | I139: B+ 리셋 | M139: - | Q139: - | U139: FAN Duty 20% 동작 | Y139: N/A
B140: 135 | E140: 휴대폰 거치 | I140: L_IGN1_IN = On | M140: 차속 10km 이상 진입 | Q140: HEV_EngOpSta == ES(Engine Stop) | U140: FAN Duty 20% 동작 | Y140: N/A
B141: 136 | E141: 휴대폰 거치 | I141: L_IGN1_IN = On | M141: 차속 10km 이상 진입 | Q141: HEV_EngOpSta == ST(Start) | U141: FAN Duty 20% 동작 | Y141: N/A
B142: 137 | E142: 휴대폰 거치 | I142: L_IGN1_IN = On | M142: 차속 10km 이상 진입 | Q142: HEV_EngOpSta == IS(Idle speed) | U142: FAN Duty 50% 동작 | Y142: N/A
B143: 138 | E143: 휴대폰 거치 | I143: L_IGN1_IN = On | M143: 차속 10km 이상 진입 | Q143: HEV_EngOpSta == PL(Part Load) | U143: FAN Duty 50% 동작 | Y143: N/A
B144: 139 | E144: 휴대폰 거치 | I144: L_IGN1_IN = On | M144: 차속 10km 이상 진입 | Q144: HEV_EngOpSta == PU(Pull) | U144: FAN Duty 50% 동작 | Y144: N/A
B145: 140 | E145: 휴대폰 거치 | I145: L_IGN1_IN = On | M145: 차속 10km 이상 진입 | Q145: HEV_EngOpSta == PUC(Fuel Cut off) | U145: FAN Duty 50% 동작 | Y145: N/A
B146: 141 | E146: 윗 case | I146: B+ 리셋 | M146: - | Q146: - | U146: FAN Duty 50% 동작 | Y146: N/A
B147: 142 | E147: 휴대폰 거치 | I147: L_IGN1_IN = On | M147: 차속 55km 이상 진입 | Q147: HEV_EngOpSta == ES(Engine Stop) | U147: FAN Duty 20% 동작 | Y147: N/A
B148: 143 | E148: 휴대폰 거치 | I148: L_IGN1_IN = On | M148: 차속 55km 이상 진입 | Q148: HEV_EngOpSta == ST(Start) | U148: FAN Duty 20% 동작 | Y148: N/A
B149: 144 | E149: 휴대폰 거치 | I149: L_IGN1_IN = On | M149: 차속 55km 이상 진입 | Q149: HEV_EngOpSta == IS(Idle speed) | U149: FAN Duty 70% 동작 | Y149: N/A
... B189: 184 | E189: FAN Duty 90% 동작 | I189: 차속 Error 수신 | M189: - | Q189: - | U189: FAN Duty 20% 동작 | Y189: N/A
B190: 185 | E190: FAN Duty 20% 동작 | I190: WPCStatus = NFCMode | M190: - | Q190: - | U190: FAN Duty 20% 동작 -> FAN OFF | Y190: N/A | Z190: NFC사양
B191: 186 | E191: FAN Duty 50% 동작 | I191: WPCStatus = NFCMode | M191: - | Q191: - | U191: FAN Duty 50% 동작 -> FAN OFF | Y191: N/A | Z191: NFC사양
B192: 187 | E192: FAN Duty 70% 동작 | I192: WPCStatus = NFCMode | M192: - | Q192: - | U192: FAN Duty 70% 동작 -> FAN OFF | Y192: N/A | Z192: NFC사양
B193: 188 | E193: FAN Duty 90% 동작 | I193: WPCStatus = NFCMode | M193: - | Q193: - | U193: FAN Duty 90% 동작 -> FAN OFF | Y193: N/A | Z193: NFC사양
B194: 189 | E194: FAN Duty 20% 동작 | I194: WPCStatus = Off | M194: - | Q194: - | U194: FAN Duty 20% 동작 -> FAN OFF | Y194: N/A
B195: 190 | E195: FAN Duty 50% 동작 | I195: WPCStatus = Off | M195: - | Q195: - | U195: FAN Duty 50% 동작 -> FAN OFF | Y195: N/A
B196: 191 | E196: FAN Duty 70% 동작 | I196: WPCStatus = Off | M196: - | Q196: - | U196: FAN Duty 70% 동작 -> FAN OFF | Y196: N/A
B197: 192 | E197: FAN Duty 90% 동작 | I197: WPCStatus = Off | M197: - | Q197: - | U197: FAN Duty 90% 동작 -> FAN OFF | Y197: N/A
...

Sheet 과거차,타차종
B2: 과거차 문제점 현황
B4: No | C4: 구분 | E4: 문제점 | J4: 분석결과 | Q4: 확인방법 | W4: 결과 | X4: 비고 | AB4: 항목 수
AA5: 총 | AB5: =SUM(AB6:AB6) -> 64
B6: 1 | C6: 과거차 | E6: IGN On 후 무선충전기 위에 휴대폰 거치 시 PICC모드 고착되어 무선 충전 안됨 | J6: 1. 디지털키/카드키 등록된 상태에서 IGN On 시 C_OwnerPairingAdvertisingreq 신호가 Default(Stop) -> StartEnable로 변경 2. 부등 부분 오기로 인한 WPC 모드에서 PICC 모드로 천이됨 | Q6: IGN ON → C_OwnerPairingAdvertisingreq ==Default → 휴대폰거치 → WPC Mode 상태인지 확인 → 충전여부 확인 | W6: OK | X6: MQ4 PE | AA6: OK | AB6: =COUNTIF(W6:W74,"OK") -> 64
B7: 2 | E7: WPC 상단 폰 유지시 PICC 모드 유지 안함 | J7: 1. PICC Mode 에서 휴대폰 유무 감지를 Digital Ping 으로 로직 구현함 2. 휴대폰의 코일이 무선충전기 코일 위치에서 벗어날 경우 휴대폰이 없는 것으로 판단하여 500ms 후 LPCD 모드로 천이 함 | Q7: LPCD Mode → WPC 상단 휴대폰 거치 → NFC 감지 → PICC Mode 60초 유지 확인 | W7: OK | X7: MQ4 PE
B8: 3 | E8: IGN Off 조건에서 WPC 위에 미등록 된 카드키 거치 시 NFC 모드 -> 60초 후 -> LPCD 모드(30ms) -> NFC 모드 반복 | J8: 1. LPCD Mode 에서 미등록 된 카드키 인증 실패 시 (Error value : Timeout) Error value 처리 로직 누락 2. Error 시 NFC State에 고착되어 Flag_LPCD_Wakeup 변수가 클리어 되지 않아 60초 후 LPCD Mode로 천이 후 30ms 후 다시 NFC Mode 반복 | Q8: LPCD Mode → 미등록 카드키 거치 → NFC 감지 → PICC Mode 60초 후 → OFF Mode 천이확인 | W8: OK | X8: MQ4 PE
B9: 4 | E9: WPC 상단 핸드폰 거치시 충전 불가, 핸드폰 제거 후 다시 거치해도 충전모드 진입 안됨 전원 리셋 (배터리 리셋 or WPC 리셋) 후 충전 가능 | J9: 1. LPCD 평가 시 PICC Mode -> LPCD Mode -> NFC Mode -> WPC Mode 반복 시 충전 되지 않음 2. MAIN MCU에서 충전 IC로 Mode 천이 시 SCAN Cmd, STOP Cmd, RUN Cmd 명령 송신하며, 4회 이상 반복 시 충전 IC 먹통됨 3. STOP Cmd 이후 RUN Cmd 시 Digital Ping을 2초 후 출력 하며 3.5초 이상 시 충전 진입 됨 | Q9: PICC Mode -> LPCD Mode -> NFC Mode -> WPC Mode 반복후 휴대폰 거치시 충전여부 확인 | W9: OK | X9: MQ4 PE
B10: 5 | E10: Error 발생 (핸드폰 거치 위치 비정상) 후 핸드폰 제거시 Off 상태로 천이되지 않고 60초간 Error state 유지 Error state에서 핸드폰 제거 후 재거치시에도 Error 발생 시점부터 60초 지나기 전까지 charging state로 천이되지 않고 Error 상태 유지 | J10: 1. 무선충전기 위에 휴대폰을 비정상 거치 시 Power Loss 값 증가로 인 해 FOD 발생 2. FOD 발생 시 휴대폰 거치 유무를 위해 Digital Ping 을 주기적으 로 송출 함 3. 무선충전기 위에 휴대폰을 비정상 거치 시 충전영역을 벗어나 휴대폰 이 없는 것으로 판단해 60초 동안 FOD Sleep Mode로 동작함 | Q10: 휴대퓬 거치 후 충전 중 휴대폰 비정상 거치후 ERROR 미 발생 확인 (WPC_PhnLftWrngSta = OFF 확인) | W10: OK | X10: MQ4 PE
B11: 6 | E11: LPCD 모드에서 NFC 모드로 천이 하지 못함 | J11: 1. LPCD 모드에서 NFC 모드로 천이 시 휴대폰 유무 판단을 위한 LPCD Wakeup Flag 및 PhoneRemove 변수 값이 없어 천이 하지 못함 | Q11: LPCD Mode → NFC 감지 후 → NFC Mode 천이 확인 | W11: OK | X11: 디지털키 2.0 기능 적용 된 WPC
B12: 7 | E12: 무선충전 평가 및 NFC 카드키 등록 평가 반복 시 CAN 신호 먹통됨 | J12: 1. WPC SLEEP 조건 만족 시 NFC Timer Stop 시킴 (B-CAN/L-CAN SleepIND 전) 2. L-CAN NM에 의해 Alive 시 NFC Timer Start 시키지만 WPC SLEEP 조건 만족 하여 다시 NFC Timer STOP 시킴 3. 드라이브 도어 Open 시 LPCD 모드로 천이 하며 NFC Timer STOP 된 상태에서 NFC 로직 수행 시 고착되는 현상 발생 | Q12: SleepAck → LCAN Wake up → NFC Sleep → Wake up 시 CAN 신호 정상 출력 및 정상동작 확인 | W12: OK | X12: MQ4 PE
B13: 8 | E13: 1.아이폰 정위치 안착 조건 충전 와트 낮음 - 아이폰 12 미니 : 5~6W 수준 - 아이폰 14 프로/프로맥스 : 7~8W 수준 - 삼성 갤럭시 : 10~11W 수준 | J13: 1. 아이폰 12 이상 시리즈 부터 맥세이프(코일 주변에 자석) 적용 되어 qi 미등록 2. qi 미등록 된 휴대폰에 대해서는 BPP(Base Power Profile) 로 충전 하도록 알고리즘 설계 | Q13: - 아이폰 : 11W 이상 - 삼성 갤럭시 : 15W 수준 | W13: OK | X13: JX1 PE
B14: 9 | E14: 1.아이폰 정위치 안착 조건 충전 와트 낮음 - 아이폰 12 미니 : 5~6W 수준 - 아이폰 14 프로/프로맥스 : 7~8W 수준 - 삼성 갤럭시 : 10~11W 수준 | J14: 1. 아이폰 12 이상 시리즈 부터 맥세이프(코일 주변에 자석) 적용 되어 qi 미등록 2. qi 미등록 된 휴대폰에 대해서는 BPP(Base Power Profile) 로 충전 하도록 알고리즘 설계 | Q14: - 아이폰 : 11W 이상 - 삼성 갤럭시 : 15W 수준 | W14: OK | X14: JX1 PE
B15: 10 | E15: 충전 진입 후 IGN Off 시 휴대폰을 찾기 위해 디지털 핑을 주기적으로 출력하면 아이폰에서 SS(Signal Strangth)를 보내서 WPC는 휴대폰이 있다고 판단함 하지만 60초 전에 아이폰에서 SS를 보내지 않아 WPC는 없다고 판단하여 Off 모드로 천이함 | J15: 휴대폰 방치 알림 시(Digital Ping 을 주기적으로 출력) 아이폰이 SS 유지 하지 않아 발생 | Q15: 아이폰 디지털 핑 1.7s 주기로 수신 확인 및 아이폰 방치알림 60s 유지 확인 | W15: OK | X15: JX1 PE
B16: 11 | E16: WPC 상단에 핸드폰을 거치하고 시동 OFF 후 다시 IGN/시동 ON 시 “간헐적 충전 모드 미 진입” 으로 충전 불가 상태 유지 - 배터리 리셋 해야만 정상 동작함 | J16: 충전 IC는 충전 시 충전모드로 동작하고 방치 알람 시 스캔모드로 동작함. IGN On  OFF를 반복하면 충전 IC는 충전모드와 스캔모드가 연속적으로 변경되며 동작 수행. 이때 모드 변경 시 STOP 모드 수행 후 다른 모드로 변경해야 하나 즉시 모드 변경 수행되어 충전 IC 오동작 발생 | Q16: 휴대폰 거치후 IGN OFF ↔ ON XX횟수 후 충전 진입 확인 | W16: OK | X16: MQ4 PE
B17: 12 | E17: 핸드폰 거치해도 인디케이터 무반응, 충전 안됨 USM에 무선 충전 메뉴 사라짐 --> B+리셋 후 정상 작동 | J17: 1. NFC Timer Stop된 상태에서 NFC 로직 수행 시 고착되는 현상이 발생하고 핸드폰 거치해도 충전이 되지 않음 2. CAN 신호 먹통 시 WPC에서 USM으로 Tx 메시지 송출하지 않아 USM에 충전 메뉴 사라짐 | Q17: SleepAck → LCAN Wake up → NFC Sleep → Wake up 후 휴대폰 거치하여 충전 및 USM 메뉴 활성화 확인 | W17: OK | X17: KA4 PE
B18: 13 | E18: 디지털 키 등록 시 BDC 제어기에서 TP 신호 L_TP_BDC_FD_L_WPC_FD를 송신하였을 때 WPC 제어기에서 응답을 하지 못함 | J18: mobilgene 2022a Patch2 버전 에서 CAN DB Import를 하면 CanIf-Rx_Pdu_Cfg 모듈에서 Rx Pdu Dlc 값이 Auto로 최소 DLC로 설정 되지 못하고 DBC 파일 내 DLC 값 그대로 포팅 되어 22바이트 이하의 수신 데이터는 수신 Event 발생 안 하여 응답하지 못함 | Q18: NFC 사양 디지털 키 등록 여부 확인 | W18: OK | X18: NH2
... B46: 41 | E46: 운전석에 휴대폰 미거치 상태에서 인디케이터 점등 됨 조수석에 휴대폰 미거치 상태에서 인디케이터 점등 됨  도어 오픈 시 인디케이터 소등 되지만 휴대폰은 계속 충전 됨 | J46: 1. 휴대폰을 무선충전기 위에 거치 <-> 미 거치 할 경우 간헐적으로 EPT코드가 발생함 2. EPT 코드는 휴대폰에서 무선충전기로 전달되는 고장코드이며, EPT 코드 발생 시 MCU와 충전 IC 간에 충돌로 인해 충전 오류 및 인디케이터 오류 발생 할 수 있음 | Q46: 휴대폰 거치 ↔ 미거치 반복시 이상 동작 없을 것 ex) 1)휴대폰 거치시 충전 및 인디케이터 점등 1)휴대폰 미 거치시 미 충전 및 인디케이터 소등 | W46: OK | X46: NH2
B47: 42 | E47: EV Ready or ENG. IDLE 상태에서 UDS 진단 메시지에 대해 무응답 혹은 부정응답해야 하나, 아래 해당 메시지에 대해서 긍정응답하여 사이버보안 평가 Fail 발생 | J47: WPC의 강제구동(Input Output Control by Identifier 2F) 조건은 IGN1 이상으로 Engine Idle의 경우 긍정응답으로 표출 됨 | Q47: EV Ready or ENG. IDLE 상태에서 UDS 진단 메시지에 대해 IGN1 이상 긍정응답 해야됨 | W47: OK | X47: OV1k | Z47: 확인필요
B48: 43 | E48: JG WPC NFC카드 등록 실패 및 NFC카드 시동 인증 불가 | J48: NFC카드 등록중에 BDC와 WPC는 TP통신이 총 15회 진행되며 각 횟수 진행 시 WPC는 BDC에 1500mSec이내에 응답을 하여야 하지만, 9번째 TP 통신 진행 중에 WPC가 BDC에 1500 mSec이내에 응답을 못해 NFC카드 등록 실패 | Q48: NFC 카드 키 등록시 정상 등록 확인 | W48: OK | X48: JG
B49: 44 | E49: B-CAN Bus Off 시 DTC 표출 하지 않음 L-CAN Bus Off 시 DTC 표출 하지 않음 B1621(WPC ECU Internal Error, TempSensorFault, FANFault) 시 DTC 표출 하지 않음 | J49: B-CAN Bus Off, L-CAN Bus Off, B1621 DTC 발생 시 처리하는 로직 구현 되어 있지 않음 | Q49: DTC 정상 출력 확인 | W49: OK | X49: MQ4 PE
B50: 45 | E50: 0x19 Read DTC Information 요청 시 Positive로 응답하지 않음 | J50: B-CAN Bus Off, L-CAN Bus Off, B1621 DTC 처리 로직이 구현되어 있지 않아 ReadDTCInformation 요청 시 Positive로 응답하지 않음 | Q50: DTC Read 시 DTC 현재/과거 정상 출력 확인 | W50: OK | X50: MQ4 PE
B51: 46 | E51: 0x14 ClearDiagnosticInformation 요청 시 Positive로 응답하지 않음 | J51: B-CAN Bus Off, L-CAN Bus Off, B1621 DTC 처리 로직이 구현되어 있지 않아 ClearDiagnosticInformation 요청 시 Positive로 응답하지 않음 | Q51: DTC 소거시 정상 소거 될것 | W51: OK | X51: MQ4 PE
B52: 47 | E52: FOD 감지 후 휴대폰 제거 시 StandbyMode로 돌아 오지 않음 | J52: 1. FOD 감지 후 휴대폰 제거 시 StandbyMode로 돌아 오지 않고 60초 후 재충전 진입 2. 충전 IC 에서 60초 후 TxStaste 값을 DigitalPing으로 변경 함 | Q52: 충전 중 이물질로 인한 FOD 동작 후 이무질 제거시 정상 충전 될것 | W52: OK | X52: MQ4 PE
B53: 48 | E53: Indicator Animation Type 미구현 | J53: 인디케이터 애니메이션 타입 로직 설계 후 동작 평가 진행 하지 않아 인디케이터 싱크 오류 발생 | Q53: 사양 별 인디케이터 정상 점등 및 소등 확인 | W53: OK | X53: MQ4 PE
B54: 49 | E54: Sleep 조건에서 SleepAck 시 Alive 후 SleepInd 반복 | J54: 1.Sleep(FullCom 상태(노란색 박스)) 조건에서 NoComRequest 시 SleepIndi 상태 2.SleepAck(②) 시 NoCom으로 전환 해야 하나 Timeout 이 발생 하여 FullComRequest 재요청 하여 Alive 됨 | Q54: IGN ON -> IGN OFF -> SLEEP -> 암전류 측정(1mA 이하) | W54: OK | X54: MQ4 PE
B55: 50 | E55: WPC2의 인디케이터가 WPC보다 더 밝음 | J55: 차종 별 조명 테이블을 참조하도록 설계하여, NH2 차종은 WPC와 WPC2를 구분하여 조명 테이블을 만들지 않음 그래서 WPC2 프로젝트에서는 NH2_WPC2로 옵션 처리 되어 있어 해당하는 테이블 인덱스를 참조하지 못해 디폴트 값으로 인식함. 그 결과 WPC와 WPC2 간 인디케이터 조명 밝기에서 차이가 발생함. | Q55: WPC1/WPC2 충전 시 인디케이터 밝기 동일 할 것 | W55: OK | X55: MQ4 PE
B56: 51 | E56: - | J56: - | Q56: 갤럭시 25 시리즈 아이폰 15,16 시리즈 맥세이프 케이스 장착 정상 충전 여부 확인 | W56: OK | X56: OV1K
B57: 52 | E57: WPC 고온으로 인한 인디케이터 비정상 동작 (휴대폰 미거치 상태에서 인디케이터 점등 상태 유지됨) | J57: - | Q57: 1. WPC 65도~70도 온도 설정 2. 휴대폰 반복 거치 ↔ 미거치 반복 3. 미 거치 인디케이트 정상동작 확인 | W57: OK | X57: NH2
B59: TC 강건화
B61: 순서 | C61: 기능 | E61: 전원 | F61: 평가 조건 및 사양 결과 | U61: Expected Result | W61: 결과 | X61: 비고
B63: 1 | C63: 기능 | E63: B+ | F63: 진단 Test Present 2초 간격으로 수신 중 | U63: CAN Sleep 미 진입 확인 | W63: OK | X63: 7월2주차
B64: 2 | C64: 기능 | E64: B+ | F64: 진단 Test Present 2초 간격으로 수신 후 | U64: CAN Sleep 진입 확인 | W64: OK | X64: 7월2주차
B65: 3 | C65: 기능 | E65: B+ | F65: 충전 중 차속 5km 입력 | U65: FAN 20% 동작 확인 | W65: OK | X65: 7월4주차
B66: 4 | C66: 기능 | E66: B+ | F66: B+ 리셋 후 DTC Read | U66: DTC 발생 하지 말 것 | W66: OK | X66: 8월2주차
B67: 5 | C67: 기능 | E67: B+ | F67: OTA 중 B+리셋 후 재 시도 | U67: 정상 업데이트 될 것 | W67: OK | X67: 8월4주차
B68: 6 | C68: 기능 | E68: B+ | F68: Sleep <-> Wake up 반복 후 IGN ON 시 | U68: 기능 정상동작 되는지 확인 | W68: OK | X68: 9월2주차
B69: 8 | C69: 기능 | E69: B+ | F69: 정상전압 상태 슬립 진입 후 암전류 측정 | U69: 암전류 1mA미만 확인 및 즉시도달 확인 | W69: OK | X69: 10월2주차
B70: 9 | C70: 기능 | E70: B+ | F70: 7V ~ 18V 전압 변동 후 슬립 진입 후 암전류 측정 | U70: 암전류 1mA미만 확인 및 즉시도달 확인 | W70: OK | X70: 10월2주차
B71: 10 | C71: 기능 | E71: B+ | F71: All Door Close → Open 빠르게 반복 수행 시 | U71: Open 후 충전 확인 | W71: OK | X71: 10월4주차
B72: 11 | C72: 기능 | E72: B+ | F72: 충전 중 IGN Off 시 | U72: 인디케이터 Off 확인 | W72: OK | X72: 10월4주차
B73: 12 | C73: 기능 | E73: B+ | F73: 모든 CAN TimeOut 상태에서 B+ 리셋 후 슬립 및 암전류 확인 | U73: 정상 슬립 진입 및 암전류 정상 확인 | W73: OK | X73: 11월2주차
B74: 13 | C74: 기능 | E74: B+ | F74: CAN RX Msg 1개씩TimeOut 설정 후 모든 CAN RX TimeOut 상태에서 B+ 리셋 후 슬립 및 암전류 확인 | U74: 정상 슬립 진입 및 암전류 정상 확인 | W74: OK | X74: 11월2주차
... B88: 44 | C88: 기능 | E88: B+ | F88: Engine Not Running 상태 → 10 82 | U88: 프로그래밍 세션 진입 | W88: OK | X88: 8월2주차

Sheet CAN 3세대
A2: ES95486-02_CAN 3세대
A4: 순서 | B4: 기능 | D4: 전원 | E4: 평가 조건 및 사양 결과 | T4: 차종(차량)별 특이사항 | V4: 결과 | W4: 비고
A9: 1 | E9: CAN BUS OFF (B1603) 조건 | I9: CAN-LOW 와 CAN-HIGH 서로 쇼트 상태에서 SCB (or Vcc) 조건 2초 이상 유지 후 정상 복귀 시 | N9: DTC 요청(0x08) 시 96 03 00 08(과거) 로 응답 할 것 (BUS OFF 시 CAN 통신 불가 하므로 과거 고장코드만 확인 가능) | V9: OK | AA9: 진단통신 | AB9: 항목 수
A10: 16 | I10: CAN-LOW 와 CAN-HIGH 서로 쇼트 상태에서 SCG 조건 2초 이상 유지 후 정상 복귀 시 | N10: DTC 요청(0x08) 시 96 03 00 08(과거) 로 응답 할 것 (BUS OFF 시 CAN 통신 불가 하므로 과거 고장코드만 확인 가능) | V10: OK | AA10: 총 | AB10: =SUM(AB11:AB13) -> 142 | AE10: No | AF10: Function | AG10: 항목수 | AH10: TEST | AM10: REMARK
I11: CAN-LOW 와 CAN-HIGH 서로 쇼트 후 정상 복귀 시 | N11: 통신 재개 할 것 | V11: OK | AA11: OK | AB11: =COUNTIF(V28:V183,"OK") -> 142 | AH11: 검사항목 | AI11: OK 항목 | AJ11: NG 항목 | AK11: N/A | AL11: 완료율(%)
A12: 17 | E12: IAU_Local CAN BUS OFF (B160F) 조건 | I12: CAN-LOW 와 CAN-HIGH 서로 쇼트 상태에서 SCB (or Vcc) 조건 2초 이상 유지 후 정상 복귀 시 | N12: DTC 요청(0x08) 시 96 0F 00 08(과거) 로 응답 할 것 (BUS OFF 시 CAN 통신 불가 하므로 과거 고장코드만 확인 가능) | V12: OK | W12: NFC 사양 | AA12: NG | AB12: =COUNTIF(V28:V183,"NG") -> 0 | AE12: 1 | AF12: 진단 통신 | AG12: =SUM(AI12:AK12) -> 132 | AH12: 132 | AI12: 132 | AJ12: 0 | AK12: 0 | AL12: =AI12/AH12% -> 100
A13: 18 | I13: CAN-LOW 와 CAN-HIGH 서로 쇼트 상태에서 SCG 조건 2초 이상 유지 후 정상 복귀 시 | N13: DTC 요청(0x08) 시 96 0F 00 08(과거) 로 응답 할 것 (BUS OFF 시 CAN 통신 불가 하므로 과거 고장코드만 확인 가능) | V13: OK | W13: NFC 사양 | AA13: N/A | AB13: =COUNTIF(V28:V183,"N/A") -> 0 | AE13: 2 | AF13: 진단정보 서비스 | AG13: =SUM(AI13:AK13) -> 18 | AH13: 18 | AI13: 18 | AJ13: 0 | AK13: 0 | AL13: =AI13/AH13% -> 100
I14: CAN-LOW 와 CAN-HIGH 서로 쇼트 상태에서 SCG 조건 2초 이상 유지 후 정상 복귀 시 | N14: 통신 재개 할 것 | V14: OK | AE14: 3 | AF14: 입출력 모니터링 | AG14: 64 | AH14: 64 | AI14: 64 | AJ14: 0 | AK14: 0 | AL14: =AI14/AH14% -> 100
A15: 19 | E15: 0x08(or 0x09)로 DTC 요청 메시지 한번만 수신하여도 현재 고장코드는 0x09로 과거 고장코드는 0x08로 메시지 하나에 모두 응답할 것 | V15: OK | AA15: 고장코드 | AB15: 항목 수 | AE15: 4 | AF15: 강제구동 | AG15: 12 | AH15: 12 | AI15: 12 | AJ15: 0 | AK15: 0 | AL15: =AI15/AH15% -> 100
A16: WPC(SW)-진단-52-1 WPC(SW)-진단-53-1 | E16: 현재 DTC 발생 상태에서 고장코드 삭제 (7DF_04_14_FF_FF_FF) 수신 후 고장코드 재인식 할 것 | V16: OK | AA16: 총 | AB16: =SUM(AB17:AB19) -> 19 | AE16: 5 | AF16: 고장코드 제어 | AG16: =SUM(AI16:AK16) -> 32 | AH16: 32 | AI16: 32 | AJ16: 0 | AK16: 0 | AL16: =AI16/AH16% -> 100
A17: 21 | E17: CAN BUS OFF (B1603) 과거 DTC 발생후 OFF <-> IGN 전원천이 30회시 과거 DTC 자동 소거 (IGN OFF 30회차에 삭제) | T17: OFF타이밍 삭제는 전자제어개발팀 요청 | V17: OK | AA17: OK | AB17: =COUNTIF(V9:V27,"OK") -> 19 | AE17: TOTAL | AG17: =SUM(AG12:AG16) -> 258 | AH17: =SUM(AH12:AH16) -> 258 | AI17: =SUM(AI12:AI16) -> 258 | AJ17: =SUM(AJ12:AJ16) -> 0 | AK17: =SUM(AK12:AK16) -> 0 | AL17: =AI17/AH17% -> 100
A18: 22 | E18: IAU_Local CAN BUS OFF (B160F) 과거 DTC 발생후 OFF <-> IGN 전원천이 30회시 과거 DTC 자동 소거 (IGN OFF 30회차에 삭제) | T18: OFF타이밍 삭제는 전자제어개발팀 요청 | V18: OK | AA18: NG | AB18: =COUNTIF(V9:V27,"NG") -> 0
A19: 23 | E19: 현재 DTC발생 상태, 과거 DTC 발생후 OFF <-> IGN 전원천이 30회시 과거 DTC 자동 소거 (IGN OFF 30회차에 삭제) 및 현재 DTC 표출 유지 | T19: OFF타이밍 삭제는 전자제어개발팀 요청 | V19: OK | AA19: N/A | AB19: =COUNTIF(V9:V27,"N/A") -> 0
A20: 25 | E20: 과거 DTC 발생후 B+ 리셋 시 소거되지 말것 | V20: OK
A21: 26 | E21: 과거 DTC 발생후 전원천이 10회 후 B+ 리셋. 이후 전원천이 20회 할 시, 과거 고장코드 존재 추가로 전원천이 10회 후 과거 고장코드 소거 | T21: B+리셋시 고장코드 소거 카운터 리셋 | V21: OK
A22: 27 | E22: 과거 DTC 발생후 전원천이 10회 후 현재 DTC 발생 후 제거. 이후 전원천이 20회 할 시, 과거 고장코드 존재 추가로 전원천이 10회 후 과거 고장코드 소거 (Ex) CAN Error 과거 고장 발생 -> 10회 전원천이 -> CAN Error 현재 고장 발생 | T22: 현재 고장코드 소거 카운터 리셋 | V22: OK
A23: 28 | E23: CAN BUS OFF (B1603), CAN ERROR (B1602) DTC 발생후 전원천이 20회 후 CAN ERROR (B1602) 추가 발생. 이후 전원천이 10회 할 시, CAN BUS OFF (B1603) 고장코드만 자동 소거 될 것. (과거 고장코드 소거시 개별 카운트 확인) | T23: 고속 B-CAN은 다른 과거 고장 코드로 CAN ERROR코드 대체 | V23: OK
A24: 29 | E24: 위 상태에서 전원천이 20회 할 시 CAN ERROR (B1602) 소거 될 것 | V24: OK
A25: WPC(SW)-동작성능-3-1 | E25: 9V ~16V에서 고장코드 발생시 DTC 출력 | V25: OK
A26: WPC(SW)-동작성능-3-2 | E26: 9V 이하에서 DTC 발생시 고장코드 출력 없음 | V26: OK
A27: WPC(SW)-동작성능-3-4 | E27: 16V 이상에서 DTC 발생시 고장코드 출력 없음 | V27: OK
A28: WPC(SW)-진단-1-1 | B28: UDS-ON CAN 리프로그래밍 기능 | D28: B+ | E28: Diagnostic Session Control (10hex) | F28: 사전 조건 : Engine stop, IGN off Request : 7DF_02_10_03 -> Positeve Respose : 제어기ID_02_50_03 = Extended Diagnostic Session 진입 | V28: OK | W28: 06 50 03 00 32 01 F4 AA
A29: WPC(SW)-진단-2-2 | F29: 사전 조건 : Engine stop, IGN on Request : 7DF_02_10_03 -> Positeve Respose : 제어기ID_02_50_03 = Extended Diagnostic Session 진입 | V29: OK | W29: 06 50 03 00 32 01 F4 AA
A30: WPC(SW)-진단-2-3 | F30: 사전 조건 : Engine on, IGN off Request : 7DF_02_10_03 -> Positeve Respose : 제어기ID_02_50_03 = Extended Diagnostic Session 진입 | V30: OK | W30: 06 50 03 00 32 01 F4 AA
A31: WPC(SW)-진단-2-4 | F31: 사전 조건 : Engine on, IGN on Request : 7DF_02_10_03 -> Positeve Respose : 제어기ID_02_50_03 = Extended Diagnostic Session 진입 | V31: OK | W31: 06 50 03 00 32 01 F4 AA
A32: WPC(SW)-진단-2-5 | F32: Request : 7DF_02_10_83 -> Positeve Respose : 응답없음 = Extended Diagnostic Session 진입 | V32: OK
A33: WPC(SW)-진단-2-6 | F33: Request : 7DF_02_10_90 -> Positeve Respose : 제어기ID_02_50_90 = Extended Diagnostic Mode 진입 | T33: Extended Diagnostic Session과 동일 | V33: OK | W33: 미적용 사양
A34: WPC(SW)-진단-3-1 | F34: 사전 조건 : Engine stop, IGN off Request : 7DF_02_10_02 -> Nagative Respose : 제어기ID_03_7F_10_22 = Programming Session 미진입 | V34: OK | W34: OTA 적용사양이면 진입 | AA34: OTA 적용사양이면 진입
A35: WPC(SW)-진단-2-7 | F35: 사전 조건 : Engine stop, IGN on Request : 7DF_02_10_02 -> Positeve Respose : 제어기ID_02_50_02 = Programming Session 진입 | V35: OK | W35: 06 50 02 00 32 01 F4 00
A36: WPC(SW)-진단-2-8 | F36: 사전 조건 : Engine Cranking, IGN off Request : 7DF_02_10_02 -> Nagative Respose : 제어기ID_02_50_02 = Programming Session 진입 | V36: OK
A37: WPC(SW)-진단-2-9 | F37: 사전 조건 : Engine Cranking, IGN on Request : 7DF_02_10_02 -> Positeve Respose : 제어기ID_02_50_02 = Programming Session 진입 | V37: OK
A38: WPC(SW)-진단-2-10 | F38: 사전 조건 : Engine stalled, IGN off Request : 7DF_02_10_02 -> Nagative Respose : 제어기ID_02_50_02 = Programming Session 진입 | V38: OK
A39: WPC(SW)-진단-2-11 | F39: 사전 조건 : Engine stalled, IGN on Request : 7DF_02_10_02 -> Positeve Respose : 제어기ID_02_50_02 = Programming Session 진입 | V39: OK
A40: WPC(SW)-진단-3-2 | F40: 사전 조건 : Engine Running, IGN off Request : 7DF_02_10_02 -> Nagative Respose : 제어기ID_03_7F_10_22 = Programming Session 미진입 | V40: OK
A41: WPC(SW)-진단-3-3 | F41: 사전 조건 : Engine Running, IGN on Request : 7DF_02_10_02 -> Nagative Respose : 제어기ID_03_7F_10_22 = Programming Session 미진입 | V41: OK
A42: WPC(SW)-진단-2-12 | F42: 사전 조건 : Engine Fault, IGN on Request : 7DF_02_10_02 -> Nagative Respose : 제어기ID_03_7F_10_22 = Programming Session 진입 | V42: OK
A43: WPC(SW)-진단-2-13 | F43: 사전 조건 : Engine Fault, IGN on Request : 7DF_02_10_02 -> Nagative Respose : 제어기ID_03_7F_10_22 = Programming Session 진입 | V43: OK
F44: 사전 조건 : Engine stop, IGN off Request : 7DF_02_10_82 -> Nagative Respose : 제어기ID_03_7F_10_22 = Programming Session 미진입 | V44: OK
F45: 사전 조건 : Engine stop, IGN on Request : 7DF_02_10_82 -> Positeve Respose : 제어기ID_02_50_02 = Programming Session 진입 | V45: OK
F46: 사전 조건 : Engine Cranking, IGN off Request : 7DF_02_10_82 -> Nagative Respose : 제어기ID_02_50_02 = Programming Session 진입 | V46: OK
F47: 사전 조건 : Engine Cranking, IGN on Request : 7DF_02_10_82 -> Positeve Respose : 제어기ID_02_50_02 = Programming Session 진입 | V47: OK
F48: 사전 조건 : Engine stalled, IGN off Request : 7DF_02_10_82 -> Nagative Respose : 제어기ID_02_50_02 = Programming Session 진입 | V48: OK
F49: 사전 조건 : Engine stalled, IGN on Request : 7DF_02_10_82 -> Positeve Respose : 제어기ID_02_50_02 = Programming Session 진입 | V49: OK
F50: 사전 조건 : Engine Running, IGN off Request : 7DF_02_10_82 -> Nagative Respose : 제어기ID_03_7F_10_22 = Programming Session 미진입 | V50: OK
F51: 사전 조건 : Engine Running, IGN on Request : 7DF_02_10_82 -> Nagative Respose : 제어기ID_03_7F_10_22 = Programming Session 미진입 | V51: OK
F52: 사전 조건 : Engine Fault, IGN on Request : 7DF_02_10_82 -> Nagative Respose : 제어기ID_03_7F_10_22 = Programming Session 진입 | V52: OK
F53: 사전 조건 : Engine Fault, IGN on Request : 7DF_02_10_82 -> Nagative Respose : 제어기ID_03_7F_10_22 = Programming Session 진입 | V53: OK
A54: WPC(SW)-진단-2-14 | F54: Request : 7DF_02_10_85 -> Positeve Respose : 제어기ID_02_50_85 = ECU Programming Mode 진입 | T54: ECU Programming Mode과 동일 | V54: OK | W54: 미적용 사양
A55: 56WPC(SW)-진단-5-1 | E55: ECU Reset (11hex) | F55: 사전 조건 : Engine stop, IGN off Request : 제어기ID_02_11_01 -> Nagative Respose : 제어기ID_03_7F_11_22 = Hard Reset 미실시 | V55: OK | AA55: OTA 적용사양이면 진입
A56: 57WPC(SW)-진단-6-1 | F56: 사전 조건 : Engine stop, IGN on Request : 제어기ID_02_11_01 -> Positeve Respose : 제어기ID_02_51_01 = Hard Reset 실시 | V56: OK
A57: 57WPC(SW)-진단-6-2 | F57: Hard Reset 실시 후 Sleep 진입 -> 암전류 측정 | V57: OK | W57: 6월 4주차
A58: 57WPC(SW)-진단-7-1 | F58: 사전 조건 : Engine on, IGN off Request : 제어기ID_02_11_01 -> Nagative Respose : 제어기ID_03_7F_11_22 = Hard Reset 미실시 | V58: OK | W58: Hard Reset 실시
A59: 57WPC(SW)-진단-7-1 | F59: 사전 조건 : Engine on, IGN on Request : 제어기ID_02_11_01 -> Nagative Respose : 제어기ID_03_7F_11_22 = Hard Reset 미실시 | V59: OK | W59: Hard Reset 실시
A60: 60 | E60: Write Data By Identifier (2Ehex) | F60: 사전 조건 : Engine stop, IGN off, Security 해제 상태 Request : 제어기ID_03_2E_F1_87 -> Nagative Respose : 제어기ID_03_7F_2E_22 = Part Number 주입 실패 | V60: - | W60: Write 적용 | AA60: 4D 43 53 09 4D 43 53 09
A61: 61 | F61: 사전 조건 : Engine stop, IGN on, Security 해제 상태 Request : 제어기ID_03_2E_F1_87 -> Positeve Respose : 제어기ID_03_6E_F1_87 = Part Number 주입 성공 | V61: - | W61: Write 적용
A62: 62 | F62: 사전 조건 : Engine on, IGN off, Security 해제 상태 Request : 제어기ID_03_2E_F1_87 -> Nagative Respose : 제어기ID_03_7F_2E_22 = Part Number 주입 실패 | V62: - | W62: Write 적용
A63: 63 | F63: 사전 조건 : Engine on, IGN on, Security 해제 상태 Request : 제어기ID_03_2E_F1_87 -> Nagative Respose : 제어기ID_03_7F_2E_22 = Part Number 주입 실패 | V63: - | W63: Write 적용
A64: 64 | F64: 사전 조건 : Engine stop, IGN off, Security 해제 상태 Request : 제어기ID_03_2E_F1_8B -> Nagative Respose : 제어기ID_03_7F_2E_22 = Manufacturing Date 주입 실패 | V64: OK | W64: Write 적용
A65: 65 | F65: 사전 조건 : Engine stop, IGN on, Security 해제 상태 Request : 제어기ID_03_2E_F1_8B -> Positeve Respose : 제어기ID_003_6E_F1_8B = Manufacturing Date 주입 성공 | V65: OK | W65: Write 적용
A66: 66 | F66: 사전 조건 : Engine on, IGN off, Security 해제 상태 Request : 제어기ID_03_2E_F1_8B -> Nagative Respose : 제어기ID_03_7F_2E_22 = Manufacturing Date 주입 실패 | V66: OK | W66: Write 적용
A67: 67 | F67: 사전 조건 : Engine on, IGN on, Security 해제 상태 Request : 제어기ID_03_2E_F1_8B -> Nagative Respose : 제어기ID_03_7F_2E_22 = Manufacturing Date 주입 실패 | V67: OK | W67: Write 적용
A68: 68 | F68: 사전 조건 : Engine stop, IGN off, Security 해제 상태 Request : 제어기ID_03_2E_F1_91 -> Nagative Respose : 제어기ID_03_7F_2E_22 = 완성차 하드웨어 버전 주입 실패 | V68: OK | W68: Write 적용
A69: 69 | F69: 사전 조건 : Engine stop, IGN on, Security 해제 상태 Request : 제어기ID_03_2E_F1_91 -> Positeve Respose : 제어기ID_03_6E_F1_91 = 완성차 하드웨어 버전 주입 성공 | V69: OK | W69: Write 적용
A70: 70 | F70: 사전 조건 : Engine on, IGN off, Security 해제 상태 Request : 제어기ID_03_2E_F1_91 -> Nagative Respose : 제어기ID_03_7F_2E_22 = 완성차 하드웨어 버전 주입 실패 | V70: OK | W70: Write 적용
A71: 71 | F71: 사전 조건 : Engine on, IGN on, Security 해제 상태 Request : 제어기ID_03_2E_F1_91 -> Nagative Respose : 제어기ID_03_7F_2E_22 = 완성차 하드웨어 버전 주입 실패 | V71: OK | W71: Write 적용
A72: 72 | F72: 사전 조건 : Engine stop, IGN off, Security 해제 상태 Request : 제어기ID_03_2E_F1_93 -> Nagative Respose : 제어기ID_03_7F_2E_22 = 부품사 하드웨어 버전 주입 실패 | V72: OK | W72: Write 적용
... A83: 83 | F83: 사전 조건 : Engine on, IGN on, Security 해제 상태 Request : 제어기ID_03_2E_F1_A1 -> Nagative Respose : 제어기ID_03_7F_2E_22 = ECU Supplier Code 주입 실패 | V83: OK | W83: Write 적용
A84: WPC(SW)-진단-22-1 | E84: Control DTC Setting (85hex) | F84: Extended Diagnostic Session 진입 후 Request : 7DF_02_85_02 -> Positeve Respose : 제어기ID_02_C5_02 | T84: DTC 저장 OFF | V84: OK
A85: WPC(SW)-진단-23-1 | F85: Control DTC Setting = Off 진입 5s 이내 고장코드 발생 시 저장하지 말 것 | V85: OK
A86: WPC(SW)-진단-23-2 | F86: 위 상태에서 7DF_02_3E_00 (TesterPresent) 메시지에 의한 DTC Setting 유지 될 것 ( 고장코드 발생 시 저장되지 말 것) | V86: OK
A87: WPC(SW)-진단-23-3 | F87: Control DTC Setting = Off 진입 5s 이후 고장코드 발생 시 저장할 것 | V87: OK
A88: WPC(SW)-진단-23-4 | F88: 윗 상태에서 고장코드 소거시 소거될 것 | V88: OK
A89: WPC(SW)-진단-23-5 | F89: Extended Diagnostic Session 진입 후 Request : Functional_02_85_82 -> Positeve Respose : 응답없음 | T89: DTC 저장 OFF | V89: OK
A90: WPC(SW)-진단-23-6 | F90: Control DTC Setting = Off 진입 5s 이내 고장코드 발생 시 저장하지 말 것 | V90: OK
A91: WPC(SW)-진단-23-7 | F91: 위 상태에서 Functional_02_3E_00 (TesterPresent) 메시지에 의한 DTC Setting 유지 될 것 ( 고장코드 발생 시 저장되지 말 것) | V91: OK
A92: WPC(SW)-진단-23-8 | F92: Control DTC Setting = Off 진입 5s 이후 고장코드 발생 시 저장할 것 | V92: OK
A93: WPC(SW)-진단-23-9 | F93: 윗 상태에서 고장코드 소거시 소거될 것 | V93: OK
A94: WPC(SW)-진단-23-10 | F94: Control DTC Setting = Off 진입 후 5s 이내 Request : 7DF_02_85_01 -> Positeve Respose : 제어기ID_02_C5_01 | T94: DTC 저장 ON | V94: OK
A95: WPC(SW)-진단-23-11 | F95: 위 상태에서 고장코드 발생 시 저장할 것 | V95: OK
A96: WPC(SW)-진단-23-12 | F96: 윗 상태에서 고장코드 소거시 소거될 것 | V96: OK
A97: WPC(SW)-진단-23-13 | F97: Request : 7DF_02_10_83 -> Positeve Respose : 응답없음 = Extended Diagnostic Session 진입 후 Request : Functional_02_85_82 -> Positeve Respose : 응답없음 | T97: DTC 저장 OFF | V97: OK
A98: WPC(SW)-진단-23-14 | F98: Control DTC Setting = Off 진입 5s 이내 고장코드 발생 시 저장하지 말 것 | V98: OK
A99: WPC(SW)-진단-23-15 | F99: 위 상태에서 Functional_02_3E_00 (TesterPresent) 메시지에 의한 DTC Setting 유지 될 것 ( 고장코드 발생 시 저장되지 말 것) | V99: OK
A100: WPC(SW)-진단-23-16 | F100: Control DTC Setting = Off 진입 5s 이후 고장코드 발생 시 저장할 것 | V100: OK
A101: WPC(SW)-진단-23-17 | F101: 윗 상태에서 고장코드 소거시 소거될 것 | V101: OK
A102: WPC(SW)-진단-23-18 | F102: Request : 7DF_02_10_83 -> Request : Functional_02_85_82 로 Control DTC Setting = Off 진입 후 5s 이내 Request : 7DF_02_85_01 -> Positeve Respose : 제어기ID_02_C5_01 | T102: DTC 저장 ON | V102: OK
A103: WPC(SW)-진단-23-19 | F103: 위 상태에서 고장코드 발생 시 저장할 것 | V103: OK
A104: WPC(SW)-진단-23-20 | F104: 윗 상태에서 고장코드 소거시 소거될 것 | V104: OK
A105: WPC(SW)-진단-23-21 | F105: 과거 고장코드 발생상태에서 Control DTC Setting = Off 진입 5s 이후 Clear Diagnostic Information (14hex) 요청 시 고장코드 제거될 것 | V105: OK
A106: WPC(SW)-진단-23-22 | F106: 현재 고장코드 발생상태에서 Control DTC Setting = Off 진입 5s 이후 Clear Diagnostic Information (14hex) 요청 시 고장코드 제거될 것 | V106: OK
A107: WPC(SW)-진단-23-23 | F107: 현재 / 과거 고장코드 발생상태에서 Control DTC Setting = Off 진입 5s 이후 Clear Diagnostic Information (14hex) 요청 시 고장코드 제거될 것 | V107: OK
A108: WPC(SW)-진단-23-24 | F108: 고장코드 발생상태에서 Control DTC Setting = Off 진입 후 Clear Diagnostic Information (14hex) 요청 시 고장코드 제거될 것 | V108: OK
A109: WPC(SW)-진단-10-1 | E109: Security Access (27hex) 일반 시드키 적용 | F109: Extended Session 진입 후 Request : 제어기ID_02_27_11 -> Nagative Respose : 제어기ID_03_7F_27_12 | T109: 03 7F 27 12 | V109: - | W109: ASK 시드키 부정응답
A110: WPC(SW)-진단-10-2 | F110: Programming Session 진입 후 Request : 제어기ID_02_27_11 -> Nagative Respose : 제어기ID_03_7F_27_12 | T110: 03 7F 27 12 | V110: - | W110: ASK 시드키 부정응답
A111: WPC(SW)-진단-9-1 | F111: Extended Session 진입 후 Request : 제어기ID_02_27_01 -> Positeve Respose : 제어기ID_06_67_01_AA_BB_CC_DD (AA_BB_CC_DD는 SEED 값) Request : 제어기ID_06_27_02_AA_BB_CC_DD (AA_BB_CC_DD는 올바른 KEY값) -> Positeve Respose : 제어기ID_02_67_02 | V111: - | W111: 일반 시드키 적용(시드키 4자리)
A112: WPC(SW)-진단-10-3 | F112: Extended Session 진입 후 Request : 제어기ID_02_27_01 -> Positeve Respose : 제어기ID_06_67_01_AA_BB_CC_DD (AA_BB_CC_DD는 SEED 값) Request : 제어기ID_06_27_12_AA_BB_CC_DD (AA_BB_CC_DD는 올바른 KEY값 -> Nagative Respose : 제어기ID_03_7F_27_12 | T112: 07 7F 27 12 | V112: - | W112: 일반 시드키 적용(시드키 4자리)
A113: WPC(SW)-진단-10-4 | F113: Extended Session 진입 후 Request : 제어기ID_02_27_01 -> Positeve Respose : 제어기ID_06_67_01_AA_BB_CC_DD (AA_BB_CC_DD는 SEED 값) Request : 제어기ID_06_27_02_AA_BB_CC_DD (AA_BB_CC_DD는 잘못된 KEY값) -> Nagative Respose : 제어기ID_03_7F_27_35 | V113: - | W113: 일반 시드키 적용(시드키 4자리)
A114: WPC(SW)-진단-9-2 | F114: Programming Session 진입 후 Request : 제어기ID_02_27_01 -> Positeve Respose : 제어기ID_06_67_01_AA_BB_CC_DD (AA_BB_CC_DD는 SEED 값) Request : 제어기ID_06_27_02_AA_BB_CC_DD (AA_BB_CC_DD는 올바른 KEY값) -> Positeve Respose : 제어기ID_02_67_02 | V114: - | W114: 일반 시드키 적용(시드키 4자리)
A115: WPC(SW)-진단-9-3 | F115: Programming Session 진입 후 Request : 제어기ID_02_27_01 -> Positeve Respose : 제어기ID_06_67_01_AA_BB_CC_DD (AA_BB_CC_DD는 SEED 값) Request : 제어기ID_06_27_02_AA_BB_CC_DD (AA_BB_CC_DD는 올바른 KEY값 -> Nagative Respose : 제어기ID_03_7F_27_02 | T115: 03 7F 27 12 | V115: - | W115: 일반 시드키 적용(시드키 4자리)
A116: WPC(SW)-진단-10-5 | F116: Programming Session 진입 후 Request : 제어기ID_02_27_01 -> Positeve Respose : 제어기ID_06_67_01_AA_BB_CC_DD (AA_BB_CC_DD는 SEED 값) Request : 제어기ID_06_27_02_AA_BB_CC_DD (AA_BB_CC_DD는 잘못된 KEY값) -> Nagative Respose : 제어기ID_03_7F_27_35 | V116: - | W116: 일반 시드키 적용(시드키 4자리)
...

Sheet DIAGNOSTIC_WPC 3세대
A1: ▣ DIAGNOSTIC_WPC 3세대
A2: 0. Read ECU Identification Service
A3: WPC(SW)-진단-31,WPC(SW)-진단-32
B4: Hex Value | C4: Parameter Name | E4: Date Length | F4: Software 판단 사양 | G4: 결과 | I4: 비고
G5: 단품 | H5: 실차
A6: WPC(SW)-진단-31-1 WPC(SW)-진단-32-1 | B6: #F17Fh | C6: Platform Software Version | E6: 14BYTE | F6: 해당없음 | G6: OK | H6: - | J6: 버젼정보 | K6: 항목 수
A7: WPC(SW)-진단-31-2 WPC(SW)-진단-32-2 | B7: #F17Dh | C7: Platform Hardware Version | E7: 11BYTE | F7: 해당없음 | G7: OK | H7: - | J7: 총 | K7: =SUM(K8:K10) -> 18
A8: WPC(SW)-진단-31-3 WPC(SW)-진단-32-3 | B8: #F187h | C8: Vehicle Part Number | E8: 10BYTE | F8: 해당없음 | G8: OK | H8: - | J8: OK | K8: =COUNTIF(G6:G23,"OK") -> 18
A9: WPC(SW)-진단-31-4 WPC(SW)-진단-32-4 | B9: #F1B1h | C9: ECU Software UNIT1 Version Data Identifier | E9: 4BYTE | F9: 해당없음 | G9: OK | H9: - | J9: NG | K9: =COUNTIF(G6:G59,"NG") -> 0
A10: WPC(SW)-진단-31-5 WPC(SW)-진단-32-5 | B10: #F191h | C10: Vehicle Manufacturer ECU Hardware Number DataIdentifier | E10: 4BYTE | F10: 해당없음 | G10: OK | H10: - | J10: N/A | K10: =COUNTIF(G6:G59,"N/A") -> 0
A11: WPC(SW)-진단-31-6 WPC(SW)-진단-32-6 | B11: #F193h | C11: System Supplier ECU Hardware Version Number DataIdentifier | E11: 4BYTE | F11: 해당없음 | G11: OK | H11: -
A12: WPC(SW)-진단-31-7 WPC(SW)-진단-32-7 | B12: #F18Bh | C12: Supplier H/W Manufacturing Date | E12: 4BYTE | F12: 해당없음 | G12: OK | H12: -
A13: WPC(SW)-진단-31-8 WPC(SW)-진단-32-8 | B13: #F18Ch | C13: Serial Number | E13: 15BYTE | F13: 해당없음 | G13: OK | H13: -
A14: WPC(SW)-진단-31-9 WPC(SW)-진단-32-9 | B14: #F1A1h | C14: ECUSupplierCodeDataIdentifier | E14: 4BYTE | F14: 해당없음 | G14: OK | H14: -
A15: WPC(SW)-진단-31-10 WPC(SW)-진단-32-10 | B15: #F1EFh | C15: LocalRXSWINDataIdentifier | E15: 32BYTE | F15: 해당없음 | G15: OK | H15: -
A16: WPC(SW)-진단-31-11 WPC(SW)-진단-32-11 | B16: #D401 | C16: ECU Option Information 1 for Master Code | E16: 1BYTE | F16: ■ NFC Function 적용 여부 0x00 : NFC 미적용 & WPC & NFC Mode Control Function(NFC) 적용 0x01 : NFC 적용 & WPC & NFC Mode Control Function(NFC) 적용 0x02 : NFC 적용 & WPC NFC Mode Control Function (NFC + LPCD) 적용 | G16: OK | H16: -
A17: WPC(SW)-진단-31-12 WPC(SW)-진단-32-12 | B17: #D402 | C17: ECU Option Information 2 for Master Code | E17: 1BYTE | F17: ■ Animation IND 적용 여부 0x00 : WPC IND Animation Control 미적용 0x01 : WPC IND Animation Control 적용 | G17: OK | H17: -
A18: WPC(SW)-진단-31-13 WPC(SW)-진단-32-13 | B18: #D403 | C18: ECU Option Information 3 for Master Code | E18: 1BYTE | F18: ■ FAN Type 구분 0x00 : FAN 미적용 / 0x01 : T1 / 0x02 : T2 / 0x03 : T3 / 0x04 : T4 / 0x05 : T5 / 0x06 : T6 ~ 0xFF : T255 | G18: OK | H18: -
A19: WPC(SW)-진단-31-14 WPC(SW)-진단-32-14 | B19: #D404 | C19: ECU Option Information 4 for Master Code | E19: 1BYTE | F19: ■ IND Type 구분 0x00 : WPC IND Control - T1 0x01 : WPC IND Control - T2 0x02 : WPC IND Control - T3 | G19: OK | H19: -
A20: WPC(SW)-진단-31-15 WPC(SW)-진단-32-15 | B20: #F197h | C20: System Name | E20: 4BYTE | F20: 해당없음 | G20: OK | H20: -
A21: WPC(SW)-진단-31-16 WPC(SW)-진단-32-16 | B21: #F1B0h | C21: ECU Software UNIT Version Data Identifier | E21: 1BYTE | F21: 해당없음 | G21: OK | H21: -
A22: WPC(SW)-진단-31-17 WPC(SW)-진단-32-17 | B22: #F100h | C22: BodyCANDataBaseVersionNumBErDataIdentifier | E22: 4BYTE | F22: 해당없음 | G22: OK | H22: -
A23: WPC(SW)-진단-31-18 WPC(SW)-진단-32-18 | B23: #F1C1h | C23: ECUSoftwareUnit1IVDDataIdentifier | E23: 32BYTE | F23: 해당없음 | G23: OK | H23: -
A24: 0-1. Read ECU Identification Service_HEX Value ED90
B25: PID | C25: Size (Byte) | D25: Parameter Name | G25: 결과 | I25: 비고
G26: 단품 | H26: 실차
A27: dataIdentifier | B27: 01 | C27: 1 | D27: NonSleepCollectedEachEcuDataIdentifier 미슬립 조건 index #0 | E27: FD_B2 CAN | F27: 0x0 : Off 0x1 : On | G27: OK
E28: Local CAN | G28: OK
E29: Local CAN 2(Reserved) | G29: OK | I29: Local CAN 2 미적용
E30: ECU 내부 조건 | G30: OK
E31: HW Input | G31: OK
E32: Network 조건 | G32: OK
B33: 02 | C33: 4 | D33: NonSleepCollectedEachEcuDataIdentifier FD_B2 CAN #0 | E33: ACC | F33: 0x0 : Off 0x1 : On | G33: OK
E34: IGN1 | G34: OK
E35: DrvDrSw | G35: OK
E36: AstDrSw | G36: OK
E37: RLDrSw | G37: OK
E38: RRDrSw | G38: OK
E39: Autobrightvalue | G39: OK
E40: SMKOption | G40: OK
D41: NonSleepCollectedEachEcuDataIdentifier FD_B2 CAN #2 | E41: ComM Mode PNC 153 (bit0-2) | F41: 0 : PNC Requested 1 : PNC Ready Sleep 2 : PNC Prepare Sleep 3 : PNC No Communication 4 : PNC Full Communication | G41: OK
G42: OK
G43: OK
E44: ComM Mode PNC 141 (bit3-5) | G44: OK
G45: OK
B46: 03 | C46: 4 | D46: NonSleepCollectedEachEcuDataIdentifier Local CAN #0 | E46: OwnerPhnRegRVal | F46: 0x0 : Off(inactive) 0x1 : On(active) | G46: OK
E47: OPAdv_On_Cmd | G47: OK
E48: WPD_Device_On_Cmd | G48: OK
D49: NonSleepCollectedEachEcuDataIdentifier Local CAN #1 | E49: ComM Mode PNC120 | F49: 0 : PNC Requested 1 : PNC Ready Sleep 2 : PNC Prepare Sleep 3 : PNC No Communication 4 : PNC Full Communication | G49: OK
B50: 05 | C50: 6 | D50: NonSleepCollectedEachEcuDataIdentifier PID 05 ECU 내부 데이터 #0 | E50: UDS LP Condition | F50: 0 : logic is in High Power Mode 1 : logic is in Low Power Mode | G50: OK
E51: WPC LP Condition | G51: OK
E52: WCT LP Condition | G52: OK
E53: NFC LP Condition | G53: OK
B54: 06 | C54: 1 | D54: NonSleepCollectedEachEcuDataIdentifier PID 06 HW Input #0 | E54: A_IGN1_IN | F54: 0x0 : Off 0x1:On | G54: OK
B55: 07 | C55: 1 | D55: NonSleepCollectedEachEcuDataIdentifier PID 07 Network 조건 #0 | E55: Diag Msg | F55: 0x0 : Off(inactive) 0x1:On(active) | G55: OK
E56: Aytosar NM PNC On | G56: OK
E57: CAN Wake up | G57: OK
E58: Local CAN Wake up | G58: OK
E59: Local CAN2 Wake up (Reserved) | G59: OK | I59: Local CAN 2 미적용
A60: 1. 센서데이터
A61: 1) Input Output Record Local Identifier #1(Byte Data) – DID BE02
A62: Data Byte | B62: PID | C62: Description | F62: Remark | G62: 결과 | I62: 비고
G63: 단품 | H63: 실차
A64: #4 | B64: 0x01 | C64: Charging Voltage | F64: 0.08 * X [V] | G64: OK | J64: 입출력 | K64: 항목 수
A65: #5 | B65: 0x02 | C65: Charging Current | F65: 0.0393 * X [A] | G65: OK | J65: 총 | K65: =SUM(K66:K68) -> 64
A66: #6 | B66: 0x03 | C66: Charging Power | F66: 0.196 * X [W] | G66: OK | J66: OK | K66: =COUNTIF(G27:G101,"OK") -> 64
A67: #7 | B67: 0x04 | C67: BAT+ Voltage | F67: 0.08 * X [V] | G67: OK | J67: NG | K67: =COUNTIF(G27:G102,"NG") -> 0
A68: #8 | B68: 0x05 | C68: IGN1 Voltage | F68: 0.08 * X [V] | G68: OK | I68: 미적용 사양 | J68: N/A | K68: =COUNTIF(G64:G103,"N/A") -> 0
A69: #9 | B69: 0x06 | C69: ActiveCoil ID | F69: 1* X ( 0 ~ 2) | G69: OK
A70: #10 | B70: 0x07 | C70: Coil TempSensor1 | F70: Unsigned Offset -40, 1 * X (℃) | G70: OK | I70: (-40~85[℃])
A71: #11 | B71: 0x08 | C71: Coil TempSensor2 | F71: Unsigned Offset -40, 1 * X (℃) | G71: - | I71: (-40~85[℃])
A72: #12 | B72: 0x09 | C72: Coil TempSensor3 | F72: Unsigned Offset -40, 1 * X (℃) | G72: - | I72: (-40~85[℃])
A73: #13 | B73: 0x0A | C73: FAN Speed | F73: [%] 20, 50, 70 | G73: OK | I73: 고정 20%
A74: #14 | B74: - | C74: - | F74: - | G74: OK | I74: 듀얼 WPC 적용사양
A75: #15 | B75: 0x0C | C75: WPC2 Charging Voltage | F75: 0.08 * X [V] | G75: OK | I75: 듀얼 WPC 적용사양
A76: #16 | B76: 0x0D | C76: WPC2 Charging Current | F76: 0.0393 * X [A] | G76: OK | I76: 듀얼 WPC 적용사양
A77: #17 | B77: 0x0E | C77: WPC2 Charging Power | F77: 0.196 * X [W] | G77: OK | I77: 듀얼 WPC 적용사양
A78: #18 | B78: 0x0F | C78: Coil TempSensor | F78: Unsigned Offset -40,1 * X (℃) | G78: OK | I78: (-40~85[℃]) ,듀얼 WPC 적용사양
A79: #19 | B79: 0x10 | C79: WPC2 Fan Speed | F79: [%] 20, 50, 70 | G79: OK | I79: 고정 20%
A81: 2) Input Output Record Local Identifier #2(Bit Data) - DID BE03
A82: Data Byte | B82: PID | C82: Description | F82: Remark | G82: 결과 | I82: 비고
G83: 단품 | H83: 실차
A84: #4 | B84: 0x01 | C84: IGN1 | F84: (0:OFF / 1:ON) | G84: OK
B85: 0x02 | C85: Amber LED On/Off Status | F85: (0:OFF / 1:ON) | G85: OK
B86: 0x03 | C86: Amber Blinking Status | F86: (0:OFF / 1:Blinking) | G86: OK
B87: 0x04 | C87: Green LED On/Off Status | F87: (0:OFF / 1:ON) | G87: OK
B88: 0x05 | C88: SMK LF Searching Signal Status | F88: (0:OFF / 1:ON) | G88: - | I88: Local LF핀 삭제로 사양 미적용
B89: 0x06 0X07 | C89: Charging Status | F89: (0x00:Charging Off/ 0x01:Charging | G89: OK
F90: 0x02:Charging Complete/ 0x03:Invalid) | G90: OK
A91: #5 | B91: 0x08 | C91: -(Reserved) | F91: - | G91: OK | I91: 듀얼 WPC 적용사양
B92: 0x09 | C92: WPC2 Amber LED On/Off Status | F92: (0:OFF / 1:ON) | G92: OK
B93: 0x0A | C93: WPC2 Amber Blinking Status | F93: (0:OFF / 1:Blinking) | G93: OK
B94: 0x0B | C94: WPC2 Green LED On/Off Status | F94: (0:OFF / 1:ON) | G94: OK
B95: 0x0C | C95: -(Reserved) | F95: - | G95: OK
B96: 0x0D 0x0E | C96: WPC2 Charging Status | F96: (0x00:Charging Off/ 0x01:Charging | G96: OK
F97: 0x02:Charging Complete/ 0x03:Invalid) | G97: OK
A98: #6 | B98: 0x0F | C98: WPC Charging mode | F98: (0x00 : Default/ 0x01 : BPP 0x02 : SFC (Samsung fast Charging) 0x03 : EPP / 0x04 : MPP 0x05~ 0x07 : Reserved | G98: OK
A99: #7 | B99: 0x12 | C99: WPC2 Charging mode | F99: (0x00 : Default/ 0x01 : BPP 0x02 : SFC (Samsung fast Charging) 0x03 : EPP / 0x04 : MPP 0x05~ 0x07 : Reserved) | G99: OK
A100: #8 | B100: 0x15 | C100: WPC Auth state | F100: (0x0 : not auth / 0x1 : auth) | G100: OK
A101: #9 | B101: 0x16 | C101: WPC 2 Auth state | F101: (0x0 : not auth / 0x1 : auth) | G101: OK
...

Sheet Sheet1
B2: No | C2: Function | D2: 항목수 | E2: TEST | J2: REMARK
E3: 검사항목 | F3: OK 항목 | G3: NG 항목 | H3: N/A | I3: 완료율(%)
B4: 1 | C4: 진단 통신 | D4: =SUM(F4:H4) -> 132 | E4: 132 | F4: 132 | G4: 0 | H4: 0 | I4: =F4/E4% -> 100
B5: 2 | C5: 진단정보 서비스 | D5: =SUM(F5:H5) -> 18 | E5: 18 | F5: 18 | G5: 0 | H5: 0 | I5: =F5/E5% -> 100
B6: 3 | C6: 입출력 모니터링 | D6: 64 | E6: 64 | F6: 64 | G6: 0 | H6: 0 | I6: =F6/E6% -> 100
B7: 4 | C7: 강제구동 | D7: 12 | E7: 12 | F7: 12 | G7: 0 | H7: 0 | I7: =F7/E7% -> 100
B8: 5 | C8: 고장코드 제어 | D8: =SUM(F8:H8) -> 32 | E8: 32 | F8: 32 | G8: 0 | H8: 0 | I8: =F8/E8% -> 100
B9: TOTAL | D9: =SUM(D4:D8) -> 258 | E9: =SUM(E4:E8) -> 258 | F9: =SUM(F4:F8) -> 258 | G9: =SUM(G4:G8) -> 0 | H9: =SUM(H4:H8) -> 0 | I9: =F9/E9% -> 100
